STREETSEGID,BIKEINCIDENTS,PEDINCIDENTS,PEDFATALITIES,LVL1,LVL2,LVL3,RISK_SUM,RISK_INDEX,
5,1,1,0,0,1,0,3,1,33
9,1,1,0,0,0,1,3,1,
14,0,1,0,0,0,0,0,1,
15,3,2,0,1,2,0,7,2,
22,2,0,0,0,2,0,6,2,
24,0,1,0,0,0,0,0,1,
26,2,3,0,0,2,0,6,2,
29,0,2,0,0,0,0,0,1,
30,0,1,0,0,0,0,0,1,
31,1,1,0,1,0,0,1,1,
32,1,2,0,0,1,0,3,1,
34,0,1,0,0,0,0,0,1,
35,1,1,0,0,1,0,3,1,
39,0,1,0,0,0,0,0,1,
42,0,1,0,0,0,0,0,1,
43,0,1,0,0,0,0,0,1,
44,1,1,0,0,1,0,3,1,
45,0,1,0,0,0,0,0,1,
46,1,0,0,0,1,0,3,1,
48,0,1,0,0,0,0,0,1,
49,0,1,0,0,0,0,0,1,
50,0,1,0,0,0,0,0,1,
53,1,1,0,0,1,0,3,1,
55,2,5,0,0,1,1,6,2,
56,3,3,0,1,1,1,7,2,
59,1,0,0,0,1,0,3,1,
63,0,1,0,0,0,0,0,1,
64,1,1,0,1,0,0,1,1,
66,0,1,0,0,0,0,0,1,
69,2,3,0,0,2,0,6,2,
74,2,2,0,1,1,0,4,1,
75,1,0,0,0,1,0,3,1,
82,1,1,0,0,1,0,3,1,
84,1,0,0,0,1,0,3,1,
88,0,1,0,0,0,0,0,1,
91,1,5,0,1,0,0,1,1,
94,1,3,0,1,0,0,1,1,
132,7,2,0,0,7,0,21,3,
144,0,1,0,0,0,0,0,1,
146,0,1,0,0,0,0,0,1,
148,1,0,0,0,1,0,3,1,
159,0,2,0,0,0,0,0,1,
161,0,1,0,0,0,0,0,1,
164,6,9,1,3,2,1,12,3,
168,0,1,0,0,0,0,0,1,
173,1,0,0,0,1,0,3,1,
175,0,2,0,0,0,0,0,1,
181,1,1,0,1,0,0,1,1,
184,2,1,0,0,1,1,6,2,
193,0,3,0,0,0,0,0,1,
195,1,0,0,0,1,0,3,1,
196,0,3,0,0,0,0,0,1,
199,1,0,0,0,0,1,3,1,
204,0,1,0,0,0,0,0,1,
209,3,11,0,0,3,0,9,2,
210,0,2,0,0,0,0,0,1,
218,0,2,0,0,0,0,0,1,
228,1,0,0,0,1,0,3,1,
237,1,2,0,0,1,0,3,1,
238,1,0,0,0,1,0,3,1,
241,1,0,0,1,0,0,1,1,
242,1,0,0,0,0,1,3,1,
246,0,6,0,0,0,0,0,1,
248,0,1,0,0,0,0,0,1,
251,1,3,1,0,1,0,3,1,
253,0,3,0,0,0,0,0,1,
257,0,1,0,0,0,0,0,1,
261,1,2,0,0,1,0,3,1,
263,1,0,0,0,1,0,3,1,
267,0,1,0,0,0,0,0,1,
276,0,1,0,0,0,0,0,1,
279,0,1,0,0,0,0,0,1,
280,2,3,0,0,2,0,6,2,
286,0,1,0,0,0,0,0,1,
287,1,1,0,0,1,0,3,1,
292,1,3,0,1,0,0,1,1,
295,0,1,0,0,0,0,0,1,
297,0,1,0,0,0,0,0,1,
304,1,2,0,0,1,0,3,1,
308,1,1,0,1,0,0,1,1,
338,1,0,0,1,0,0,1,1,
339,2,1,0,0,2,0,6,2,
343,0,2,0,0,0,0,0,1,
345,1,0,0,0,1,0,3,1,
347,0,1,0,0,0,0,0,1,
349,0,1,0,0,0,0,0,1,
357,2,0,0,0,2,0,6,2,
368,1,0,0,0,1,0,3,1,
369,11,12,0,2,9,0,29,3,
378,0,1,0,0,0,0,0,1,
380,0,3,0,0,0,0,0,1,
382,0,1,0,0,0,0,0,1,
383,0,1,0,0,0,0,0,1,
386,2,1,0,0,2,0,6,2,
388,0,1,0,0,0,0,0,1,
392,1,0,0,1,0,0,1,1,
393,1,3,0,0,0,1,3,1,
398,4,2,0,0,4,0,12,3,
399,0,1,0,0,0,0,0,1,
400,0,7,0,0,0,0,0,1,
402,1,0,0,1,0,0,1,1,
404,2,5,0,0,2,0,6,2,
405,0,1,0,0,0,0,0,1,
415,0,2,0,0,0,0,0,1,
416,1,0,0,0,1,0,3,1,
417,0,2,0,0,0,0,0,1,
421,0,1,0,0,0,0,0,1,
422,0,3,0,0,0,0,0,1,
434,0,2,0,0,0,0,0,1,
441,0,1,0,0,0,0,0,1,
445,1,1,0,1,0,0,1,1,
461,6,6,0,1,5,0,16,3,
463,0,1,0,0,0,0,0,1,
464,0,3,0,0,0,0,0,1,
468,1,6,0,0,1,0,3,1,
470,1,0,0,0,1,0,3,1,
471,2,0,0,0,2,0,6,2,
472,0,2,0,0,0,0,0,1,
475,3,1,0,0,3,0,9,2,
485,0,1,0,0,0,0,0,1,
487,7,1,0,0,7,0,21,3,
488,0,2,0,0,0,0,0,1,
490,0,1,0,0,0,0,0,1,
506,0,2,0,0,0,0,0,1,
508,1,1,0,0,1,0,3,1,
509,1,0,0,0,1,0,3,1,
513,2,1,0,0,2,0,6,2,
523,1,0,0,0,1,0,3,1,
524,1,0,0,0,1,0,3,1,
526,2,0,0,1,1,0,4,1,
528,0,1,0,0,0,0,0,1,
543,0,2,0,0,0,0,0,1,
545,0,2,0,0,0,0,0,1,
546,0,1,0,0,0,0,0,1,
548,0,1,0,0,0,0,0,1,
550,0,2,0,0,0,0,0,1,
551,1,0,0,0,1,0,3,1,
555,0,1,0,0,0,0,0,1,
561,0,2,0,0,0,0,0,1,
566,0,1,0,0,0,0,0,1,
567,1,0,0,0,1,0,3,1,
574,2,1,0,1,1,0,4,1,
578,0,1,0,0,0,0,0,1,
579,6,7,0,0,6,0,18,3,
585,1,0,0,0,1,0,3,1,
587,1,0,0,0,0,1,3,1,
589,1,0,0,0,1,0,3,1,
594,1,0,0,0,1,0,3,1,
599,0,1,0,0,0,0,0,1,
605,1,0,0,0,1,0,3,1,
621,0,1,0,0,0,0,0,1,
623,1,2,0,1,0,0,1,1,
627,1,0,0,0,1,0,3,1,
628,0,2,0,0,0,0,0,1,
631,1,5,0,1,0,0,1,1,
632,0,3,0,0,0,0,0,1,
633,1,3,0,0,1,0,3,1,
636,1,2,0,0,1,0,3,1,
638,0,2,0,0,0,0,0,1,
640,1,0,0,0,0,1,3,1,
641,0,1,0,0,0,0,0,1,
643,0,1,0,0,0,0,0,1,
644,1,1,0,0,1,0,3,1,
645,1,10,0,0,1,0,3,1,
648,0,2,0,0,0,0,0,1,
649,0,1,0,0,0,0,0,1,
650,1,0,0,0,1,0,3,1,
651,1,3,0,0,1,0,3,1,
657,2,0,0,1,1,0,4,1,
665,0,1,0,0,0,0,0,1,
667,0,1,0,0,0,0,0,1,
678,1,2,0,0,1,0,3,1,
680,2,0,0,0,2,0,6,2,
687,0,1,0,0,0,0,0,1,
693,0,1,0,0,0,0,0,1,
694,0,2,0,0,0,0,0,1,
697,3,2,0,1,2,0,7,2,
700,1,0,0,0,1,0,3,1,
706,0,1,0,0,0,0,0,1,
713,1,0,0,0,1,0,3,1,
727,1,2,0,0,1,0,3,1,
730,0,1,0,0,0,0,0,1,
732,6,2,0,3,3,0,12,3,
733,1,1,0,0,1,0,3,1,
734,4,9,0,1,3,0,10,2,
738,1,0,0,0,1,0,3,1,
745,3,0,0,1,2,0,7,2,
746,1,2,0,0,1,0,3,1,
755,0,1,0,0,0,0,0,1,
756,0,1,0,0,0,0,0,1,
759,1,0,0,1,0,0,1,1,
763,13,5,0,3,10,0,33,3,
764,1,1,0,1,0,0,1,1,
765,0,1,0,0,0,0,0,1,
769,0,2,0,0,0,0,0,1,
770,0,1,0,0,0,0,0,1,
772,3,1,0,0,3,0,9,2,
775,0,1,0,0,0,0,0,1,
777,0,4,0,0,0,0,0,1,
789,0,2,0,0,0,0,0,1,
791,3,3,0,2,1,0,5,1,
794,0,1,0,0,0,0,0,1,
795,1,0,0,0,1,0,3,1,
796,0,1,0,0,0,0,0,1,
797,3,2,0,0,2,1,9,2,
799,1,0,0,0,1,0,3,1,
800,8,5,0,0,7,1,24,3,
801,1,0,0,1,0,0,1,1,
803,1,0,0,0,1,0,3,1,
811,2,2,0,0,1,1,6,2,
814,1,0,0,1,0,0,1,1,
815,2,0,0,0,2,0,6,2,
816,0,1,0,0,0,0,0,1,
819,0,1,0,0,0,0,0,1,
824,1,4,0,0,1,0,3,1,
829,0,4,0,0,0,0,0,1,
830,0,1,0,0,0,0,0,1,
833,0,1,0,0,0,0,0,1,
837,1,1,0,0,1,0,3,1,
841,0,1,0,0,0,0,0,1,
842,1,0,0,0,1,0,3,1,
844,1,0,0,0,1,0,3,1,
847,1,0,0,0,0,1,3,1,
849,0,1,0,0,0,0,0,1,
855,0,1,0,0,0,0,0,1,
859,1,0,0,1,0,0,1,1,
860,1,0,0,1,0,0,1,1,
863,0,1,0,0,0,0,0,1,
866,1,0,0,1,0,0,1,1,
869,1,0,0,0,1,0,3,1,
873,1,2,0,0,1,0,3,1,
874,0,1,0,0,0,0,0,1,
880,2,2,0,0,2,0,6,2,
888,1,1,0,0,1,0,3,1,
903,0,1,0,0,0,0,0,1,
907,0,2,0,0,0,0,0,1,
909,1,1,0,0,1,0,3,1,
913,3,0,0,2,1,0,5,1,
914,0,1,1,0,0,0,0,1,
924,0,4,0,0,0,0,0,1,
925,1,0,0,0,1,0,3,1,
934,1,3,0,0,0,1,3,1,
936,0,1,0,0,0,0,0,1,
937,0,1,0,0,0,0,0,1,
939,1,0,0,1,0,0,1,1,
943,0,2,0,0,0,0,0,1,
951,0,3,0,0,0,0,0,1,
955,0,1,0,0,0,0,0,1,
956,1,0,0,0,1,0,3,1,
959,0,2,0,0,0,0,0,1,
961,2,0,0,1,1,0,4,1,
967,2,0,0,2,0,0,2,1,
974,0,2,0,0,0,0,0,1,
983,0,1,0,0,0,0,0,1,
988,0,1,0,0,0,0,0,1,
998,0,1,0,0,0,0,0,1,
1002,2,0,0,0,1,1,6,2,
1006,1,1,0,0,1,0,3,1,
1007,2,1,0,1,1,0,4,1,
1030,0,1,0,0,0,0,0,1,
1033,0,1,0,0,0,0,0,1,
1035,0,1,0,0,0,0,0,1,
1037,2,4,0,0,2,0,6,2,
1045,1,0,0,0,1,0,3,1,
1048,0,1,0,0,0,0,0,1,
1053,0,1,0,0,0,0,0,1,
1057,0,5,0,0,0,0,0,1,
1063,1,0,0,0,1,0,3,1,
1066,0,1,0,0,0,0,0,1,
1067,4,1,0,2,2,0,8,2,
1068,1,0,0,1,0,0,1,1,
1075,2,3,0,0,1,1,6,2,
1082,0,1,0,0,0,0,0,1,
1087,4,1,0,0,4,0,12,3,
1091,0,2,1,0,0,0,0,1,
1093,0,3,0,0,0,0,0,1,
1095,1,0,0,0,1,0,3,1,
1096,0,2,0,0,0,0,0,1,
1100,2,1,0,1,1,0,4,1,
1103,2,5,0,1,1,0,4,1,
1115,1,1,0,0,1,0,3,1,
1121,1,0,0,0,1,0,3,1,
1125,2,0,0,0,2,0,6,2,
1128,2,0,0,0,2,0,6,2,
1129,0,1,0,0,0,0,0,1,
1132,1,0,0,0,1,0,3,1,
1135,0,1,0,0,0,0,0,1,
1137,0,1,0,0,0,0,0,1,
1140,0,3,0,0,0,0,0,1,
1143,0,1,0,0,0,0,0,1,
1145,0,1,0,0,0,0,0,1,
1147,0,1,0,0,0,0,0,1,
1152,1,2,0,0,1,0,3,1,
1154,0,1,0,0,0,0,0,1,
1157,1,0,0,0,1,0,3,1,
1169,0,1,0,0,0,0,0,1,
1176,1,2,0,1,0,0,1,1,
1178,1,5,1,0,1,0,3,1,
1180,1,0,0,0,1,0,3,1,
1181,1,0,0,0,1,0,3,1,
1192,0,1,0,0,0,0,0,1,
1194,1,0,0,0,1,0,3,1,
1195,2,1,0,1,1,0,4,1,
1197,0,3,0,0,0,0,0,1,
1202,1,0,0,0,1,0,3,1,
1211,1,0,0,0,1,0,3,1,
1214,1,1,0,1,0,0,1,1,
1215,0,4,0,0,0,0,0,1,
1216,0,1,0,0,0,0,0,1,
1217,0,1,0,0,0,0,0,1,
1223,0,2,0,0,0,0,0,1,
1231,0,1,0,0,0,0,0,1,
1232,0,2,0,0,0,0,0,1,
1235,1,2,0,0,1,0,3,1,
1239,1,0,0,1,0,0,1,1,
1255,1,1,0,0,0,1,3,1,
1259,1,2,0,0,1,0,3,1,
1260,2,0,0,0,2,0,6,2,
1264,0,1,0,0,0,0,0,1,
1266,0,3,0,0,0,0,0,1,
1268,2,1,0,0,2,0,6,2,
1270,0,1,0,0,0,0,0,1,
1273,1,1,0,0,1,0,3,1,
1274,0,1,0,0,0,0,0,1,
1277,0,1,0,0,0,0,0,1,
1280,0,1,0,0,0,0,0,1,
1288,0,2,0,0,0,0,0,1,
1289,0,1,0,0,0,0,0,1,
1292,0,2,0,0,0,0,0,1,
1293,1,0,0,0,1,0,3,1,
1294,2,1,0,0,1,1,6,2,
1300,0,1,0,0,0,0,0,1,
1307,0,1,0,0,0,0,0,1,
1319,0,3,0,0,0,0,0,1,
1325,1,0,0,0,1,0,3,1,
1330,1,1,0,1,0,0,1,1,
1333,1,0,0,0,1,0,3,1,
1340,2,0,0,0,2,0,6,2,
1341,2,0,0,0,2,0,6,2,
1344,1,1,0,0,1,0,3,1,
1349,1,1,0,0,1,0,3,1,
1355,1,0,0,0,1,0,3,1,
1358,1,0,0,0,1,0,3,1,
1359,0,1,0,0,0,0,0,1,
1362,2,3,0,1,1,0,4,1,
1366,0,1,0,0,0,0,0,1,
1369,0,2,0,0,0,0,0,1,
1370,0,2,0,0,0,0,0,1,
1371,3,0,0,1,2,0,7,2,
1374,0,1,0,0,0,0,0,1,
1382,0,1,0,0,0,0,0,1,
1383,1,1,0,0,1,0,3,1,
1387,0,2,0,0,0,0,0,1,
1388,2,1,0,0,1,1,6,2,
1391,3,1,0,1,2,0,7,2,
1393,3,2,0,1,2,0,7,2,
1394,1,1,0,0,1,0,3,1,
1398,0,1,0,0,0,0,0,1,
1399,0,1,0,0,0,0,0,1,
1402,0,1,0,0,0,0,0,1,
1403,1,0,0,0,1,0,3,1,
1405,2,0,0,0,2,0,6,2,
1409,0,1,0,0,0,0,0,1,
1413,0,2,0,0,0,0,0,1,
1414,0,1,0,0,0,0,0,1,
1416,0,1,0,0,0,0,0,1,
1420,1,0,0,0,1,0,3,1,
1424,1,0,0,1,0,0,1,1,
1425,1,1,0,1,0,0,1,1,
1429,0,1,0,0,0,0,0,1,
1434,0,1,0,0,0,0,0,1,
1444,1,2,0,1,0,0,1,1,
1445,0,4,0,0,0,0,0,1,
1446,1,1,0,0,1,0,3,1,
1447,0,1,0,0,0,0,0,1,
1448,1,4,0,0,1,0,3,1,
1449,0,2,0,0,0,0,0,1,
1453,0,1,0,0,0,0,0,1,
1455,0,1,0,0,0,0,0,1,
1459,0,2,0,0,0,0,0,1,
1469,0,1,0,0,0,0,0,1,
1474,0,1,0,0,0,0,0,1,
1476,0,1,0,0,0,0,0,1,
1478,1,0,0,0,1,0,3,1,
1479,1,6,0,0,0,1,3,1,
1490,1,2,0,1,0,0,1,1,
1503,0,1,0,0,0,0,0,1,
1504,2,3,0,1,1,0,4,1,
1506,0,1,0,0,0,0,0,1,
1508,1,0,0,0,1,0,3,1,
1509,0,2,0,0,0,0,0,1,
1512,1,0,0,0,1,0,3,1,
1514,1,1,0,1,0,0,1,1,
1524,1,3,0,0,1,0,3,1,
1526,1,0,0,0,1,0,3,1,
1528,1,1,0,0,1,0,3,1,
1535,1,0,0,0,1,0,3,1,
1537,0,1,0,0,0,0,0,1,
1540,1,0,0,0,1,0,3,1,
1541,2,0,0,2,0,0,2,1,
1543,0,1,0,0,0,0,0,1,
1547,0,1,0,0,0,0,0,1,
1551,1,0,0,0,1,0,3,1,
1553,1,0,0,0,1,0,3,1,
1556,0,1,0,0,0,0,0,1,
1559,1,1,0,0,1,0,3,1,
1562,4,3,0,2,1,1,8,2,
1564,0,1,0,0,0,0,0,1,
1573,0,1,0,0,0,0,0,1,
1577,2,2,0,0,2,0,6,2,
1578,1,0,0,1,0,0,1,1,
1579,1,1,0,0,1,0,3,1,
1580,0,1,0,0,0,0,0,1,
1582,1,0,0,1,0,0,1,1,
1583,0,1,0,0,0,0,0,1,
1586,0,2,0,0,0,0,0,1,
1587,0,1,0,0,0,0,0,1,
1588,0,2,0,0,0,0,0,1,
1589,1,0,0,0,1,0,3,1,
1597,1,0,0,0,1,0,3,1,
1600,0,1,0,0,0,0,0,1,
1603,1,3,0,0,1,0,3,1,
1605,0,5,0,0,0,0,0,1,
1610,0,1,0,0,0,0,0,1,
1617,1,3,0,1,0,0,1,1,
1618,0,1,0,0,0,0,0,1,
1620,1,0,0,1,0,0,1,1,
1629,0,3,0,0,0,0,0,1,
1634,0,2,0,0,0,0,0,1,
1642,0,1,0,0,0,0,0,1,
1646,1,0,0,1,0,0,1,1,
1647,0,1,0,0,0,0,0,1,
1651,1,0,0,0,1,0,3,1,
1654,0,1,0,0,0,0,0,1,
1656,3,5,0,0,1,2,9,2,
1657,0,1,0,0,0,0,0,1,
1658,1,0,0,0,1,0,3,1,
1660,0,1,0,0,0,0,0,1,
1662,2,3,0,0,2,0,6,2,
1664,0,2,0,0,0,0,0,1,
1666,0,2,0,0,0,0,0,1,
1668,0,3,0,0,0,0,0,1,
1674,1,0,0,0,1,0,3,1,
1681,5,0,0,0,5,0,15,3,
1682,0,5,0,0,0,0,0,1,
1683,1,0,0,0,1,0,3,1,
1686,0,1,0,0,0,0,0,1,
1689,1,0,0,0,1,0,3,1,
1694,0,1,0,0,0,0,0,1,
1697,0,1,0,0,0,0,0,1,
1699,0,1,0,0,0,0,0,1,
1700,0,2,0,0,0,0,0,1,
1704,0,1,0,0,0,0,0,1,
1706,1,0,0,0,1,0,3,1,
1707,1,1,0,1,0,0,1,1,
1708,1,0,0,1,0,0,1,1,
1710,0,1,0,0,0,0,0,1,
1715,0,2,0,0,0,0,0,1,
1716,2,3,0,1,1,0,4,1,
1717,1,0,0,0,1,0,3,1,
1719,0,2,0,0,0,0,0,1,
1721,1,2,0,0,1,0,3,1,
1730,0,1,0,0,0,0,0,1,
1731,0,1,0,0,0,0,0,1,
1733,0,1,0,0,0,0,0,1,
1740,2,1,0,0,2,0,6,2,
1742,0,1,0,0,0,0,0,1,
1746,0,2,0,0,0,0,0,1,
1748,1,3,0,0,1,0,3,1,
1749,2,1,0,1,1,0,4,1,
1750,0,1,0,0,0,0,0,1,
1751,0,1,0,0,0,0,0,1,
1754,2,2,0,1,1,0,4,1,
1759,1,1,0,1,0,0,1,1,
1765,1,0,0,0,1,0,3,1,
1773,2,2,0,0,2,0,6,2,
1778,0,1,0,0,0,0,0,1,
1780,2,0,0,1,1,0,4,1,
1783,0,1,0,0,0,0,0,1,
1784,0,1,0,0,0,0,0,1,
1785,0,1,0,0,0,0,0,1,
1788,0,1,0,0,0,0,0,1,
1790,1,0,0,0,1,0,3,1,
1791,1,0,0,0,1,0,3,1,
1795,1,0,0,1,0,0,1,1,
1801,0,1,0,0,0,0,0,1,
1803,0,1,0,0,0,0,0,1,
1804,10,3,0,1,9,0,28,3,
1807,0,1,0,0,0,0,0,1,
1812,0,2,0,0,0,0,0,1,
1814,1,2,0,1,0,0,1,1,
1816,0,1,0,0,0,0,0,1,
1820,5,5,0,3,2,0,9,2,
1829,1,1,0,1,0,0,1,1,
1831,1,1,0,0,1,0,3,1,
1833,3,8,0,1,2,0,7,2,
1839,0,1,0,0,0,0,0,1,
1841,3,2,0,0,2,1,9,2,
1843,0,3,0,0,0,0,0,1,
1845,2,0,0,1,1,0,4,1,
1850,0,2,0,0,0,0,0,1,
1852,1,1,0,0,1,0,3,1,
1855,1,0,0,0,1,0,3,1,
1858,0,1,0,0,0,0,0,1,
1868,0,1,0,0,0,0,0,1,
1874,1,0,0,1,0,0,1,1,
1875,2,0,0,0,1,1,6,2,
1876,0,3,0,0,0,0,0,1,
1877,0,2,0,0,0,0,0,1,
1878,0,1,0,0,0,0,0,1,
1882,1,0,0,0,0,1,3,1,
1883,0,1,0,0,0,0,0,1,
1884,1,3,0,0,1,0,3,1,
1893,0,2,0,0,0,0,0,1,
1897,1,0,0,0,1,0,3,1,
1903,0,1,0,0,0,0,0,1,
1904,0,1,0,0,0,0,0,1,
1912,1,2,0,0,1,0,3,1,
1920,0,2,0,0,0,0,0,1,
1921,2,0,0,1,1,0,4,1,
1929,1,2,0,1,0,0,1,1,
1934,2,3,0,0,2,0,6,2,
1935,1,0,0,1,0,0,1,1,
1936,4,0,0,0,4,0,12,3,
1939,2,0,0,2,0,0,2,1,
1945,0,1,0,0,0,0,0,1,
1946,1,1,0,0,1,0,3,1,
1951,2,0,0,0,2,0,6,2,
1964,0,1,0,0,0,0,0,1,
1970,0,1,0,0,0,0,0,1,
1971,0,1,0,0,0,0,0,1,
1972,1,1,0,0,1,0,3,1,
1973,3,2,0,1,2,0,7,2,
1974,0,1,0,0,0,0,0,1,
1976,1,1,0,1,0,0,1,1,
1977,0,1,0,0,0,0,0,1,
1978,0,2,0,0,0,0,0,1,
1983,1,2,0,0,1,0,3,1,
1986,1,0,0,0,1,0,3,1,
1988,0,1,0,0,0,0,0,1,
1992,0,1,0,0,0,0,0,1,
1993,0,1,0,0,0,0,0,1,
1999,3,0,0,0,3,0,9,2,
2004,1,0,0,0,1,0,3,1,
2005,1,1,0,0,1,0,3,1,
2007,2,1,0,0,2,0,6,2,
2008,0,1,0,0,0,0,0,1,
2011,0,1,0,0,0,0,0,1,
2016,0,3,1,0,0,0,0,1,
2027,2,2,0,0,1,1,6,2,
2031,0,2,0,0,0,0,0,1,
2032,0,3,0,0,0,0,0,1,
2039,1,0,0,0,1,0,3,1,
2041,2,0,0,0,2,0,6,2,
2042,1,0,0,0,1,0,3,1,
2046,0,1,0,0,0,0,0,1,
2051,0,1,0,0,0,0,0,1,
2053,1,1,0,1,0,0,1,1,
2058,1,0,0,0,1,0,3,1,
2059,0,1,0,0,0,0,0,1,
2060,1,0,0,0,1,0,3,1,
2063,0,1,0,0,0,0,0,1,
2065,6,3,0,1,5,0,16,3,
2066,1,0,0,0,0,1,3,1,
2068,0,1,0,0,0,0,0,1,
2071,1,0,0,0,1,0,3,1,
2078,3,4,0,0,2,1,9,2,
2079,0,2,0,0,0,0,0,1,
2081,0,1,0,0,0,0,0,1,
2084,0,1,0,0,0,0,0,1,
2088,0,1,0,0,0,0,0,1,
2090,1,0,0,0,1,0,3,1,
2094,0,1,0,0,0,0,0,1,
2096,0,3,0,0,0,0,0,1,
2101,1,0,0,1,0,0,1,1,
2103,0,2,1,0,0,0,0,1,
2107,2,3,0,1,1,0,4,1,
2114,0,1,0,0,0,0,0,1,
2115,1,2,0,0,1,0,3,1,
2121,2,0,0,1,1,0,4,1,
2122,1,1,0,1,0,0,1,1,
2123,0,2,0,0,0,0,0,1,
2127,1,2,0,0,1,0,3,1,
2129,1,0,0,0,1,0,3,1,
2133,1,2,0,0,1,0,3,1,
2134,0,1,0,0,0,0,0,1,
2139,2,2,0,1,1,0,4,1,
2140,0,1,0,0,0,0,0,1,
2142,0,1,0,0,0,0,0,1,
2146,0,1,0,0,0,0,0,1,
2151,1,0,0,0,1,0,3,1,
2155,0,1,0,0,0,0,0,1,
2157,1,0,0,0,1,0,3,1,
2158,1,0,0,0,1,0,3,1,
2167,0,2,0,0,0,0,0,1,
2169,1,0,0,0,1,0,3,1,
2172,0,1,0,0,0,0,0,1,
2174,0,1,0,0,0,0,0,1,
2176,4,2,0,1,3,0,10,2,
2181,1,3,0,0,1,0,3,1,
2188,1,2,0,1,0,0,1,1,
2194,1,0,0,1,0,0,1,1,
2197,2,0,0,0,2,0,6,2,
2202,0,1,0,0,0,0,0,1,
2204,3,2,0,1,1,1,7,2,
2206,0,1,0,0,0,0,0,1,
2208,1,0,0,0,1,0,3,1,
2215,1,0,0,0,1,0,3,1,
2219,1,1,0,0,1,0,3,1,
2221,4,2,0,0,4,0,12,3,
2222,1,2,0,0,1,0,3,1,
2224,0,1,0,0,0,0,0,1,
2241,0,1,0,0,0,0,0,1,
2245,1,0,0,0,0,1,3,1,
2248,0,1,0,0,0,0,0,1,
2253,1,1,0,0,1,0,3,1,
2262,0,1,0,0,0,0,0,1,
2264,1,0,0,0,1,0,3,1,
2267,0,2,0,0,0,0,0,1,
2277,1,0,0,0,1,0,3,1,
2282,0,1,0,0,0,0,0,1,
2283,1,0,0,0,1,0,3,1,
2286,1,0,0,0,1,0,3,1,
2287,2,2,0,0,2,0,6,2,
2291,0,1,0,0,0,0,0,1,
2295,1,0,0,0,1,0,3,1,
2297,2,2,0,1,1,0,4,1,
2298,0,1,0,0,0,0,0,1,
2301,0,1,0,0,0,0,0,1,
2303,3,6,0,0,3,0,9,2,
2304,1,0,0,0,1,0,3,1,
2319,0,1,0,0,0,0,0,1,
2320,0,2,0,0,0,0,0,1,
2323,1,1,0,0,1,0,3,1,
2327,0,2,0,0,0,0,0,1,
2329,8,3,0,1,6,1,22,3,
2330,5,1,0,1,4,0,13,3,
2331,7,4,0,2,5,0,17,3,
2336,0,1,0,0,0,0,0,1,
2338,1,0,0,0,1,0,3,1,
2339,3,0,0,1,2,0,7,2,
2341,2,1,0,1,1,0,4,1,
2342,0,1,0,0,0,0,0,1,
2344,1,0,0,0,1,0,3,1,
2346,1,0,0,0,1,0,3,1,
2349,0,1,0,0,0,0,0,1,
2353,1,0,0,0,1,0,3,1,
2355,1,2,0,1,0,0,1,1,
2358,0,1,0,0,0,0,0,1,
2360,2,2,0,0,1,1,6,2,
2361,0,1,0,0,0,0,0,1,
2368,1,2,0,0,1,0,3,1,
2370,0,2,0,0,0,0,0,1,
2382,0,1,0,0,0,0,0,1,
2383,0,3,0,0,0,0,0,1,
2392,2,4,0,1,1,0,4,1,
2398,0,1,0,0,0,0,0,1,
2400,0,1,0,0,0,0,0,1,
2404,0,1,0,0,0,0,0,1,
2405,0,4,0,0,0,0,0,1,
2407,0,1,0,0,0,0,0,1,
2415,0,5,0,0,0,0,0,1,
2418,0,1,0,0,0,0,0,1,
2419,1,0,0,1,0,0,1,1,
2420,0,1,0,0,0,0,0,1,
2427,3,1,0,1,2,0,7,2,
2431,0,1,0,0,0,0,0,1,
2432,1,0,0,0,1,0,3,1,
2435,1,0,0,1,0,0,1,1,
2438,2,1,0,1,1,0,4,1,
2440,1,0,0,0,1,0,3,1,
2446,0,3,0,0,0,0,0,1,
2451,0,1,0,0,0,0,0,1,
2458,0,1,0,0,0,0,0,1,
2470,1,1,0,0,1,0,3,1,
2473,0,1,0,0,0,0,0,1,
2475,0,1,0,0,0,0,0,1,
2483,0,2,0,0,0,0,0,1,
2491,0,2,0,0,0,0,0,1,
2497,1,1,0,1,0,0,1,1,
2500,0,1,0,0,0,0,0,1,
2503,1,1,0,0,1,0,3,1,
2509,1,4,0,0,0,1,3,1,
2512,1,0,0,1,0,0,1,1,
2518,1,0,0,0,1,0,3,1,
2520,2,3,1,1,0,1,4,1,
2521,0,1,0,0,0,0,0,1,
2526,0,1,0,0,0,0,0,1,
2529,1,1,0,1,0,0,1,1,
2530,1,0,0,0,1,0,3,1,
2533,0,1,0,0,0,0,0,1,
2536,0,1,0,0,0,0,0,1,
2539,0,2,0,0,0,0,0,1,
2540,1,3,0,0,1,0,3,1,
2542,1,0,0,0,1,0,3,1,
2543,0,1,0,0,0,0,0,1,
2546,0,1,0,0,0,0,0,1,
2552,0,1,0,0,0,0,0,1,
2555,1,0,0,0,1,0,3,1,
2569,0,2,0,0,0,0,0,1,
2571,0,2,0,0,0,0,0,1,
2575,0,2,0,0,0,0,0,1,
2578,4,6,0,0,3,1,12,3,
2582,1,1,0,0,1,0,3,1,
2584,1,0,0,0,1,0,3,1,
2585,1,1,0,0,1,0,3,1,
2590,0,2,0,0,0,0,0,1,
2593,1,4,0,0,1,0,3,1,
2598,0,1,0,0,0,0,0,1,
2604,0,1,0,0,0,0,0,1,
2605,0,1,0,0,0,0,0,1,
2606,1,0,0,0,1,0,3,1,
2609,1,1,0,0,1,0,3,1,
2610,1,1,0,1,0,0,1,1,
2617,1,1,0,0,1,0,3,1,
2618,1,0,0,0,1,0,3,1,
2619,2,0,0,2,0,0,2,1,
2623,3,2,0,1,2,0,7,2,
2628,2,6,0,2,0,0,2,1,
2629,1,2,0,0,1,0,3,1,
2635,0,7,0,0,0,0,0,1,
2638,1,1,0,0,1,0,3,1,
2639,4,6,0,1,3,0,10,2,
2640,2,2,0,1,1,0,4,1,
2641,0,1,0,0,0,0,0,1,
2642,0,1,0,0,0,0,0,1,
2646,0,1,0,0,0,0,0,1,
2651,0,1,0,0,0,0,0,1,
2653,1,0,0,0,0,1,3,1,
2661,1,0,0,0,1,0,3,1,
2667,0,3,0,0,0,0,0,1,
2670,0,1,0,0,0,0,0,1,
2671,0,1,0,0,0,0,0,1,
2672,1,0,0,0,0,1,3,1,
2676,0,1,0,0,0,0,0,1,
2681,1,1,0,0,1,0,3,1,
2685,1,0,0,0,1,0,3,1,
2686,0,1,0,0,0,0,0,1,
2687,0,2,0,0,0,0,0,1,
2702,1,0,0,0,1,0,3,1,
2703,0,2,0,0,0,0,0,1,
2711,4,2,0,2,2,0,8,2,
2713,0,2,0,0,0,0,0,1,
2715,0,2,0,0,0,0,0,1,
2719,0,1,0,0,0,0,0,1,
2728,1,0,0,0,1,0,3,1,
2730,1,0,0,0,1,0,3,1,
2732,0,1,0,0,0,0,0,1,
2738,0,3,0,0,0,0,0,1,
2739,0,1,0,0,0,0,0,1,
2745,1,3,0,0,1,0,3,1,
2754,0,3,0,0,0,0,0,1,
2755,0,1,0,0,0,0,0,1,
2756,3,0,0,2,1,0,5,1,
2759,1,2,0,1,0,0,1,1,
2762,1,0,0,0,1,0,3,1,
2763,0,1,0,0,0,0,0,1,
2767,0,1,0,0,0,0,0,1,
2770,1,0,0,0,1,0,3,1,
2779,0,1,0,0,0,0,0,1,
2783,2,7,0,0,2,0,6,2,
2791,0,1,0,0,0,0,0,1,
2793,0,1,0,0,0,0,0,1,
2799,0,1,0,0,0,0,0,1,
2809,1,1,0,1,0,0,1,1,
2817,3,1,0,0,3,0,9,2,
2818,0,1,0,0,0,0,0,1,
2821,0,1,0,0,0,0,0,1,
2830,1,0,0,0,1,0,3,1,
2831,2,2,0,0,1,1,6,2,
2845,0,1,0,0,0,0,0,1,
2846,0,1,0,0,0,0,0,1,
2848,1,0,0,0,1,0,3,1,
2855,2,0,0,0,2,0,6,2,
2858,1,0,0,0,1,0,3,1,
2877,2,0,0,0,2,0,6,2,
2883,0,1,0,0,0,0,0,1,
2884,0,1,0,0,0,0,0,1,
2888,0,1,0,0,0,0,0,1,
2889,1,0,0,0,1,0,3,1,
2893,0,3,0,0,0,0,0,1,
2894,1,0,0,0,0,1,3,1,
2895,1,0,0,1,0,0,1,1,
2897,0,1,0,0,0,0,0,1,
2900,1,1,0,1,0,0,1,1,
2909,0,2,0,0,0,0,0,1,
2912,2,2,0,0,2,0,6,2,
2914,0,1,0,0,0,0,0,1,
2916,0,1,0,0,0,0,0,1,
2921,0,1,0,0,0,0,0,1,
2922,0,1,0,0,0,0,0,1,
2931,1,0,0,0,1,0,3,1,
2932,1,3,0,0,1,0,3,1,
2938,0,1,0,0,0,0,0,1,
2940,0,1,0,0,0,0,0,1,
2943,2,0,0,0,2,0,6,2,
2949,0,1,0,0,0,0,0,1,
2954,0,1,0,0,0,0,0,1,
2962,0,1,0,0,0,0,0,1,
2966,0,1,0,0,0,0,0,1,
2967,2,4,0,0,2,0,6,2,
2970,0,1,0,0,0,0,0,1,
2978,2,2,0,0,2,0,6,2,
2983,0,1,0,0,0,0,0,1,
2986,3,2,0,0,3,0,9,2,
2991,0,1,0,0,0,0,0,1,
2996,0,1,0,0,0,0,0,1,
2997,3,0,0,2,1,0,5,1,
2998,1,0,0,0,1,0,3,1,
3001,0,1,0,0,0,0,0,1,
3003,0,1,0,0,0,0,0,1,
3004,2,3,0,0,2,0,6,2,
3007,0,2,0,0,0,0,0,1,
3013,0,2,0,0,0,0,0,1,
3016,0,1,0,0,0,0,0,1,
3017,0,2,0,0,0,0,0,1,
3022,0,2,0,0,0,0,0,1,
3023,1,0,0,1,0,0,1,1,
3024,1,0,0,0,1,0,3,1,
3028,0,2,0,0,0,0,0,1,
3030,3,4,0,1,2,0,7,2,
3036,3,7,0,1,2,0,7,2,
3038,1,0,0,0,1,0,3,1,
3041,0,1,0,0,0,0,0,1,
3044,0,1,0,0,0,0,0,1,
3053,0,1,0,0,0,0,0,1,
3056,0,1,0,0,0,0,0,1,
3059,1,0,0,0,1,0,3,1,
3060,1,2,0,1,0,0,1,1,
3062,1,0,0,0,1,0,3,1,
3063,0,1,0,0,0,0,0,1,
3064,1,2,0,0,1,0,3,1,
3066,1,0,0,0,1,0,3,1,
3067,1,0,0,0,1,0,3,1,
3070,1,0,0,0,1,0,3,1,
3072,0,1,0,0,0,0,0,1,
3073,0,2,0,0,0,0,0,1,
3074,3,4,0,0,2,1,9,2,
3091,0,1,0,0,0,0,0,1,
3093,0,1,0,0,0,0,0,1,
3098,0,2,0,0,0,0,0,1,
3099,2,1,0,0,2,0,6,2,
3100,0,1,0,0,0,0,0,1,
3107,3,2,0,0,3,0,9,2,
3108,1,0,0,1,0,0,1,1,
3109,3,2,0,0,2,1,9,2,
3119,0,1,0,0,0,0,0,1,
3124,0,2,0,0,0,0,0,1,
3126,0,1,0,0,0,0,0,1,
3128,0,1,0,0,0,0,0,1,
3129,0,1,0,0,0,0,0,1,
3131,0,1,0,0,0,0,0,1,
3133,1,0,0,0,1,0,3,1,
3134,0,1,0,0,0,0,0,1,
3137,2,2,0,0,2,0,6,2,
3140,1,1,0,0,1,0,3,1,
3141,4,3,0,3,1,0,6,2,
3144,3,2,0,1,2,0,7,2,
3147,3,4,0,2,1,0,5,1,
3148,1,0,0,0,1,0,3,1,
3152,0,6,0,0,0,0,0,1,
3158,1,1,0,0,1,0,3,1,
3159,0,1,0,0,0,0,0,1,
3160,1,0,0,1,0,0,1,1,
3163,0,2,0,0,0,0,0,1,
3164,1,1,1,0,0,1,3,1,
3168,0,1,0,0,0,0,0,1,
3177,0,1,0,0,0,0,0,1,
3188,1,0,0,0,1,0,3,1,
3191,2,2,0,0,2,0,6,2,
3192,0,1,0,0,0,0,0,1,
3203,3,2,0,0,2,1,9,2,
3212,0,3,0,0,0,0,0,1,
3213,1,0,0,0,1,0,3,1,
3220,1,1,0,0,1,0,3,1,
3224,1,0,0,0,0,1,3,1,
3228,0,1,0,0,0,0,0,1,
3229,0,1,0,0,0,0,0,1,
3230,1,1,0,0,1,0,3,1,
3231,0,1,0,0,0,0,0,1,
3232,1,1,0,1,0,0,1,1,
3236,0,1,0,0,0,0,0,1,
3238,1,1,0,0,1,0,3,1,
3240,2,2,0,0,2,0,6,2,
3241,1,0,0,0,1,0,3,1,
3242,1,0,0,0,1,0,3,1,
3249,2,1,0,0,2,0,6,2,
3251,1,0,0,0,1,0,3,1,
3262,1,7,0,0,1,0,3,1,
3270,0,2,0,0,0,0,0,1,
3272,0,1,0,0,0,0,0,1,
3273,4,2,0,2,1,1,8,2,
3278,1,0,0,0,1,0,3,1,
3284,0,1,0,0,0,0,0,1,
3287,1,0,0,0,1,0,3,1,
3288,1,0,0,1,0,0,1,1,
3289,0,1,0,0,0,0,0,1,
3292,0,2,0,0,0,0,0,1,
3293,1,1,0,0,1,0,3,1,
3295,1,0,0,1,0,0,1,1,
3300,0,1,0,0,0,0,0,1,
3303,0,1,0,0,0,0,0,1,
3305,1,2,0,0,1,0,3,1,
3309,1,0,0,0,1,0,3,1,
3318,0,1,0,0,0,0,0,1,
3320,1,1,0,0,0,1,3,1,
3321,1,0,0,1,0,0,1,1,
3322,1,1,0,0,1,0,3,1,
3324,1,7,0,1,0,0,1,1,
3326,1,0,0,1,0,0,1,1,
3327,0,3,0,0,0,0,0,1,
3329,3,2,0,0,3,0,9,2,
3332,0,3,0,0,0,0,0,1,
3334,0,2,0,0,0,0,0,1,
3339,0,1,0,0,0,0,0,1,
3340,0,1,0,0,0,0,0,1,
3341,0,1,0,0,0,0,0,1,
3348,0,7,0,0,0,0,0,1,
3349,2,3,0,0,2,0,6,2,
3350,1,0,0,0,1,0,3,1,
3353,0,1,0,0,0,0,0,1,
3358,0,1,0,0,0,0,0,1,
3364,2,1,0,0,2,0,6,2,
3365,0,1,0,0,0,0,0,1,
3368,1,0,0,1,0,0,1,1,
3371,0,2,0,0,0,0,0,1,
3376,0,1,0,0,0,0,0,1,
3382,2,3,0,0,2,0,6,2,
3389,1,5,0,0,1,0,3,1,
3392,0,1,0,0,0,0,0,1,
3394,0,1,0,0,0,0,0,1,
3396,0,2,0,0,0,0,0,1,
3399,0,1,0,0,0,0,0,1,
3402,0,1,0,0,0,0,0,1,
3404,0,1,0,0,0,0,0,1,
3409,2,1,0,1,0,1,4,1,
3412,0,1,0,0,0,0,0,1,
3413,4,1,0,1,3,0,10,2,
3424,1,1,0,0,1,0,3,1,
3428,0,2,0,0,0,0,0,1,
3430,0,2,0,0,0,0,0,1,
3438,1,2,0,0,1,0,3,1,
3439,2,3,0,0,2,0,6,2,
3442,0,1,0,0,0,0,0,1,
3449,10,0,0,2,8,0,26,3,
3451,0,3,0,0,0,0,0,1,
3468,0,1,0,0,0,0,0,1,
3473,1,0,0,0,1,0,3,1,
3478,1,1,0,0,0,1,3,1,
3483,1,0,0,0,1,0,3,1,
3484,2,0,0,1,1,0,4,1,
3486,1,0,0,0,1,0,3,1,
3489,0,1,0,0,0,0,0,1,
3491,0,2,0,0,0,0,0,1,
3492,0,1,0,0,0,0,0,1,
3495,0,1,0,0,0,0,0,1,
3498,4,2,0,2,2,0,8,2,
3501,0,1,0,0,0,0,0,1,
3503,1,0,0,0,1,0,3,1,
3509,1,1,0,0,1,0,3,1,
3510,4,3,0,2,2,0,8,2,
3513,1,2,0,1,0,0,1,1,
3516,0,1,0,0,0,0,0,1,
3521,1,0,0,0,0,1,3,1,
3522,1,1,0,0,1,0,3,1,
3530,1,0,0,0,0,1,3,1,
3537,0,1,0,0,0,0,0,1,
3539,2,1,0,0,2,0,6,2,
3547,1,0,0,0,1,0,3,1,
3548,0,1,0,0,0,0,0,1,
3552,0,1,0,0,0,0,0,1,
3556,2,0,0,0,2,0,6,2,
3557,0,2,0,0,0,0,0,1,
3560,0,1,0,0,0,0,0,1,
3561,0,1,0,0,0,0,0,1,
3565,0,1,0,0,0,0,0,1,
3567,1,0,0,0,1,0,3,1,
3568,0,1,0,0,0,0,0,1,
3569,0,4,0,0,0,0,0,1,
3571,0,4,0,0,0,0,0,1,
3579,0,4,0,0,0,0,0,1,
3583,0,1,0,0,0,0,0,1,
3584,0,1,0,0,0,0,0,1,
3590,0,1,0,0,0,0,0,1,
3593,1,0,0,0,0,1,3,1,
3595,1,1,0,0,1,0,3,1,
3605,0,2,0,0,0,0,0,1,
3611,0,1,0,0,0,0,0,1,
3614,1,0,0,0,1,0,3,1,
3615,1,1,0,0,1,0,3,1,
3616,0,1,0,0,0,0,0,1,
3624,2,3,0,0,2,0,6,2,
3630,1,0,0,1,0,0,1,1,
3637,1,0,0,0,0,1,3,1,
3642,2,0,0,1,1,0,4,1,
3643,0,1,0,0,0,0,0,1,
3651,1,0,0,0,1,0,3,1,
3655,1,0,0,1,0,0,1,1,
3656,0,3,0,0,0,0,0,1,
3659,1,3,0,1,0,0,1,1,
3663,1,0,0,1,0,0,1,1,
3671,1,0,0,0,1,0,3,1,
3672,1,2,0,0,1,0,3,1,
3674,0,2,1,0,0,0,0,1,
3676,0,4,0,0,0,0,0,1,
3677,1,4,0,0,1,0,3,1,
3678,0,1,0,0,0,0,0,1,
3684,0,2,0,0,0,0,0,1,
3690,1,1,0,0,1,0,3,1,
3691,2,1,0,0,2,0,6,2,
3692,4,3,0,1,3,0,10,2,
3696,0,1,0,0,0,0,0,1,
3703,0,1,0,0,0,0,0,1,
3707,1,0,0,0,1,0,3,1,
3712,0,2,0,0,0,0,0,1,
3713,1,1,0,0,1,0,3,1,
3716,3,0,0,1,2,0,7,2,
3720,2,1,0,0,2,0,6,2,
3721,0,2,0,0,0,0,0,1,
3724,0,1,0,0,0,0,0,1,
3726,1,0,0,0,1,0,3,1,
3727,0,1,0,0,0,0,0,1,
3730,1,1,0,1,0,0,1,1,
3732,1,0,0,0,1,0,3,1,
3734,0,1,0,0,0,0,0,1,
3738,0,1,0,0,0,0,0,1,
3740,0,2,0,0,0,0,0,1,
3742,0,1,0,0,0,0,0,1,
3747,1,0,0,0,1,0,3,1,
3749,5,2,0,1,3,1,13,3,
3754,0,1,0,0,0,0,0,1,
3765,1,1,0,0,1,0,3,1,
3768,1,0,0,0,1,0,3,1,
3771,0,1,0,0,0,0,0,1,
3773,0,1,0,0,0,0,0,1,
3774,2,2,0,1,1,0,4,1,
3776,2,0,0,2,0,0,2,1,
3778,0,1,0,0,0,0,0,1,
3782,1,0,0,0,1,0,3,1,
3784,0,1,0,0,0,0,0,1,
3788,0,1,0,0,0,0,0,1,
3789,0,2,0,0,0,0,0,1,
3808,0,1,0,0,0,0,0,1,
3810,1,1,0,0,1,0,3,1,
3820,0,1,0,0,0,0,0,1,
3824,0,1,0,0,0,0,0,1,
3826,0,1,0,0,0,0,0,1,
3828,0,1,0,0,0,0,0,1,
3829,0,1,0,0,0,0,0,1,
3830,3,3,0,1,2,0,7,2,
3844,4,0,0,0,4,0,12,3,
3851,1,0,0,1,0,0,1,1,
3854,1,1,0,0,1,0,3,1,
3864,2,0,0,0,2,0,6,2,
3865,0,2,1,0,0,0,0,1,
3875,1,3,0,1,0,0,1,1,
3876,0,1,0,0,0,0,0,1,
3882,1,0,0,1,0,0,1,1,
3885,0,1,0,0,0,0,0,1,
3887,0,2,0,0,0,0,0,1,
3889,0,1,0,0,0,0,0,1,
3891,2,1,0,1,1,0,4,1,
3894,7,5,0,3,3,1,15,3,
3895,0,1,0,0,0,0,0,1,
3899,0,2,0,0,0,0,0,1,
3900,1,0,0,0,1,0,3,1,
3905,2,1,0,0,1,1,6,2,
3906,4,2,0,1,3,0,10,2,
3912,0,1,0,0,0,0,0,1,
3915,0,2,0,0,0,0,0,1,
3917,1,1,0,0,1,0,3,1,
3921,1,0,0,0,1,0,3,1,
3927,0,2,0,0,0,0,0,1,
3933,1,2,0,0,1,0,3,1,
3934,1,0,0,1,0,0,1,1,
3937,0,1,0,0,0,0,0,1,
3943,0,2,0,0,0,0,0,1,
3944,0,1,0,0,0,0,0,1,
3945,1,0,0,0,1,0,3,1,
3946,1,0,0,1,0,0,1,1,
3947,1,1,0,1,0,0,1,1,
3948,1,0,0,1,0,0,1,1,
3950,4,8,0,1,3,0,10,2,
3952,0,1,0,0,0,0,0,1,
3953,2,0,0,1,1,0,4,1,
3958,1,0,0,0,1,0,3,1,
3961,0,1,0,0,0,0,0,1,
3963,3,0,0,0,2,1,9,2,
3972,1,3,0,1,0,0,1,1,
3973,1,1,0,0,1,0,3,1,
3975,0,1,0,0,0,0,0,1,
3980,0,1,0,0,0,0,0,1,
3993,0,1,0,0,0,0,0,1,
3995,0,2,0,0,0,0,0,1,
3996,2,7,0,0,2,0,6,2,
4006,1,0,0,0,1,0,3,1,
4013,1,0,0,0,1,0,3,1,
4019,0,1,0,0,0,0,0,1,
4021,0,1,0,0,0,0,0,1,
4029,0,4,0,0,0,0,0,1,
4034,2,8,0,0,2,0,6,2,
4038,5,5,0,1,4,0,13,3,
4040,0,1,0,0,0,0,0,1,
4042,0,1,0,0,0,0,0,1,
4045,0,1,0,0,0,0,0,1,
4056,2,1,0,0,2,0,6,2,
4060,0,2,0,0,0,0,0,1,
4063,2,1,0,0,2,0,6,2,
4064,1,0,0,0,1,0,3,1,
4065,0,1,0,0,0,0,0,1,
4067,1,1,0,0,0,1,3,1,
4069,0,2,0,0,0,0,0,1,
4070,1,0,0,0,1,0,3,1,
4071,1,4,0,0,1,0,3,1,
4079,2,0,0,2,0,0,2,1,
4080,0,2,0,0,0,0,0,1,
4081,0,1,0,0,0,0,0,1,
4091,1,1,0,0,1,0,3,1,
4097,1,2,0,1,0,0,1,1,
4104,1,2,0,0,1,0,3,1,
4112,0,3,0,0,0,0,0,1,
4116,0,1,0,0,0,0,0,1,
4118,0,1,0,0,0,0,0,1,
4128,2,0,0,0,1,1,6,2,
4133,6,5,0,0,6,0,18,3,
4134,0,1,0,0,0,0,0,1,
4138,3,2,0,0,3,0,9,2,
4139,0,4,0,0,0,0,0,1,
4141,6,8,0,1,5,0,16,3,
4142,0,3,0,0,0,0,0,1,
4144,1,0,0,0,1,0,3,1,
4148,1,0,0,1,0,0,1,1,
4150,0,1,0,0,0,0,0,1,
4151,1,0,0,1,0,0,1,1,
4153,1,0,0,0,1,0,3,1,
4156,1,0,0,0,1,0,3,1,
4157,0,3,0,0,0,0,0,1,
4158,1,0,0,0,1,0,3,1,
4159,0,1,0,0,0,0,0,1,
4164,2,1,0,2,0,0,2,1,
4166,1,0,0,1,0,0,1,1,
4167,0,2,0,0,0,0,0,1,
4169,1,1,0,0,1,0,3,1,
4175,3,5,0,1,2,0,7,2,
4177,1,1,0,0,1,0,3,1,
4186,0,1,0,0,0,0,0,1,
4187,0,1,0,0,0,0,0,1,
4188,0,1,0,0,0,0,0,1,
4190,0,1,0,0,0,0,0,1,
4191,0,2,0,0,0,0,0,1,
4195,1,0,0,0,1,0,3,1,
4196,1,4,0,1,0,0,1,1,
4199,1,1,0,0,0,1,3,1,
4200,0,2,0,0,0,0,0,1,
4201,1,0,0,0,1,0,3,1,
4203,0,1,0,0,0,0,0,1,
4206,0,1,0,0,0,0,0,1,
4220,0,1,0,0,0,0,0,1,
4223,0,2,0,0,0,0,0,1,
4227,1,0,0,0,1,0,3,1,
4228,1,0,0,0,1,0,3,1,
4229,0,2,0,0,0,0,0,1,
4234,1,0,0,0,0,1,3,1,
4237,1,2,0,1,0,0,1,1,
4244,0,1,0,0,0,0,0,1,
4245,1,0,0,1,0,0,1,1,
4252,0,1,0,0,0,0,0,1,
4253,1,1,0,0,1,0,3,1,
4254,1,1,0,0,1,0,3,1,
4259,1,0,0,0,1,0,3,1,
4260,1,0,0,0,1,0,3,1,
4263,0,1,0,0,0,0,0,1,
4267,1,0,0,0,1,0,3,1,
4269,1,1,0,1,0,0,1,1,
4275,1,1,0,0,1,0,3,1,
4276,0,1,0,0,0,0,0,1,
4277,1,1,0,1,0,0,1,1,
4282,1,0,0,0,1,0,3,1,
4287,0,2,0,0,0,0,0,1,
4288,1,0,0,0,1,0,3,1,
4291,0,1,0,0,0,0,0,1,
4292,1,0,0,0,1,0,3,1,
4295,1,0,0,0,1,0,3,1,
4297,1,2,0,1,0,0,1,1,
4300,1,2,0,1,0,0,1,1,
4302,0,1,0,0,0,0,0,1,
4305,0,2,0,0,0,0,0,1,
4307,0,1,0,0,0,0,0,1,
4311,1,1,0,0,1,0,3,1,
4312,0,1,0,0,0,0,0,1,
4320,0,1,0,0,0,0,0,1,
4321,1,0,0,0,1,0,3,1,
4323,2,2,0,2,0,0,2,1,
4327,1,2,0,0,1,0,3,1,
4328,2,0,0,0,2,0,6,2,
4332,1,0,0,1,0,0,1,1,
4334,1,1,0,0,1,0,3,1,
4336,0,1,0,0,0,0,0,1,
4337,1,0,0,1,0,0,1,1,
4338,0,1,0,0,0,0,0,1,
4341,1,1,0,0,1,0,3,1,
4347,1,0,0,0,0,1,3,1,
4351,1,3,0,0,1,0,3,1,
4352,4,4,0,0,3,1,12,3,
4358,3,4,0,1,2,0,7,2,
4361,6,2,1,2,4,0,14,3,
4364,2,0,0,0,2,0,6,2,
4366,0,1,0,0,0,0,0,1,
4369,2,3,0,0,1,1,6,2,
4375,4,2,0,0,4,0,12,3,
4377,5,2,1,0,4,1,15,3,
4379,2,0,0,0,2,0,6,2,
4380,0,2,0,0,0,0,0,1,
4381,4,1,0,1,3,0,10,2,
4385,0,1,0,0,0,0,0,1,
4390,0,3,0,0,0,0,0,1,
4392,2,2,0,0,2,0,6,2,
4393,3,1,0,3,0,0,3,1,
4397,0,1,0,0,0,0,0,1,
4402,1,1,0,0,1,0,3,1,
4408,1,0,0,0,1,0,3,1,
4412,0,1,0,0,0,0,0,1,
4413,0,1,0,0,0,0,0,1,
4417,1,0,0,0,1,0,3,1,
4420,2,1,0,1,1,0,4,1,
4421,3,0,0,0,3,0,9,2,
4423,0,1,0,0,0,0,0,1,
4425,0,1,0,0,0,0,0,1,
4428,1,0,0,0,1,0,3,1,
4430,1,0,0,1,0,0,1,1,
4431,0,1,0,0,0,0,0,1,
4434,1,0,0,0,1,0,3,1,
4441,3,0,0,0,3,0,9,2,
4444,1,3,0,0,1,0,3,1,
4445,0,2,1,0,0,0,0,1,
4446,0,1,0,0,0,0,0,1,
4451,1,0,0,1,0,0,1,1,
4462,1,0,0,0,1,0,3,1,
4466,4,0,0,0,3,1,12,3,
4469,0,2,0,0,0,0,0,1,
4479,0,1,0,0,0,0,0,1,
4483,0,1,0,0,0,0,0,1,
4491,0,1,0,0,0,0,0,1,
4493,0,1,0,0,0,0,0,1,
4496,1,0,0,1,0,0,1,1,
4502,0,1,0,0,0,0,0,1,
4503,1,3,0,0,1,0,3,1,
4504,0,1,0,0,0,0,0,1,
4509,1,1,0,0,0,1,3,1,
4512,0,1,0,0,0,0,0,1,
4515,0,1,0,0,0,0,0,1,
4520,0,1,0,0,0,0,0,1,
4521,0,1,0,0,0,0,0,1,
4522,0,1,0,0,0,0,0,1,
4529,0,1,0,0,0,0,0,1,
4531,2,0,0,1,1,0,4,1,
4533,1,1,0,0,1,0,3,1,
4535,0,2,0,0,0,0,0,1,
4536,1,0,0,0,1,0,3,1,
4541,4,0,0,0,2,2,12,3,
4547,0,2,0,0,0,0,0,1,
4550,0,1,0,0,0,0,0,1,
4551,3,1,0,1,2,0,7,2,
4556,2,2,0,0,2,0,6,2,
4557,1,1,0,0,1,0,3,1,
4561,1,1,0,0,1,0,3,1,
4565,0,1,0,0,0,0,0,1,
4577,0,1,0,0,0,0,0,1,
4580,0,1,0,0,0,0,0,1,
4581,1,1,0,1,0,0,1,1,
4586,0,1,0,0,0,0,0,1,
4596,0,1,0,0,0,0,0,1,
4603,0,1,0,0,0,0,0,1,
4606,1,0,0,0,0,1,3,1,
4608,0,1,0,0,0,0,0,1,
4617,0,4,1,0,0,0,0,1,
4618,1,0,0,0,1,0,3,1,
4620,1,0,0,0,1,0,3,1,
4627,1,2,0,1,0,0,1,1,
4631,1,1,0,1,0,0,1,1,
4632,1,0,0,0,0,1,3,1,
4643,0,1,0,0,0,0,0,1,
4647,0,1,0,0,0,0,0,1,
4650,0,1,0,0,0,0,0,1,
4651,0,2,0,0,0,0,0,1,
4653,4,1,0,1,3,0,10,2,
4658,0,2,1,0,0,0,0,1,
4661,2,2,0,0,2,0,6,2,
4662,0,1,0,0,0,0,0,1,
4665,0,1,0,0,0,0,0,1,
4667,0,1,0,0,0,0,0,1,
4668,0,2,0,0,0,0,0,1,
4675,0,1,0,0,0,0,0,1,
4677,1,1,1,1,0,0,1,1,
4688,2,1,0,0,2,0,6,2,
4690,1,4,0,0,1,0,3,1,
4691,1,1,0,1,0,0,1,1,
4693,0,1,0,0,0,0,0,1,
4694,0,1,0,0,0,0,0,1,
4698,6,0,0,4,2,0,10,2,
4699,0,1,0,0,0,0,0,1,
4705,1,1,0,0,1,0,3,1,
4710,0,2,0,0,0,0,0,1,
4717,0,1,0,0,0,0,0,1,
4718,0,2,0,0,0,0,0,1,
4725,0,1,0,0,0,0,0,1,
4726,0,2,0,0,0,0,0,1,
4728,1,1,0,1,0,0,1,1,
4730,3,1,0,0,3,0,9,2,
4735,1,1,0,1,0,0,1,1,
4740,1,0,0,0,0,1,3,1,
4741,0,1,0,0,0,0,0,1,
4743,1,0,0,0,1,0,3,1,
4749,0,1,0,0,0,0,0,1,
4750,0,3,0,0,0,0,0,1,
4755,0,1,0,0,0,0,0,1,
4757,1,0,0,0,1,0,3,1,
4760,2,1,0,1,1,0,4,1,
4762,1,2,0,0,1,0,3,1,
4763,1,0,0,0,1,0,3,1,
4766,3,2,0,0,3,0,9,2,
4769,0,1,0,0,0,0,0,1,
4776,0,3,0,0,0,0,0,1,
4779,0,4,0,0,0,0,0,1,
4786,0,2,0,0,0,0,0,1,
4798,0,1,0,0,0,0,0,1,
4799,2,1,0,1,1,0,4,1,
4800,2,0,0,0,2,0,6,2,
4802,0,1,0,0,0,0,0,1,
4804,1,0,0,0,1,0,3,1,
4806,0,2,0,0,0,0,0,1,
4807,2,1,0,0,2,0,6,2,
4813,2,2,0,2,0,0,2,1,
4816,4,0,0,1,3,0,10,2,
4818,1,2,0,0,1,0,3,1,
4822,5,1,0,1,4,0,13,3,
4826,0,1,0,0,0,0,0,1,
4829,0,2,0,0,0,0,0,1,
4831,1,1,0,1,0,0,1,1,
4832,2,0,0,0,2,0,6,2,
4833,0,1,0,0,0,0,0,1,
4837,3,0,0,0,3,0,9,2,
4840,1,0,0,1,0,0,1,1,
4841,0,3,0,0,0,0,0,1,
4844,0,1,0,0,0,0,0,1,
4845,1,2,0,0,1,0,3,1,
4846,1,2,0,1,0,0,1,1,
4850,0,1,0,0,0,0,0,1,
4853,1,1,0,0,1,0,3,1,
4854,3,0,0,1,2,0,7,2,
4856,1,0,0,0,1,0,3,1,
4857,1,1,0,0,1,0,3,1,
4861,0,2,0,0,0,0,0,1,
4866,0,1,0,0,0,0,0,1,
4873,2,0,0,1,1,0,4,1,
4875,0,2,0,0,0,0,0,1,
4876,1,3,0,0,1,0,3,1,
4878,2,1,0,0,1,1,6,2,
4885,0,1,0,0,0,0,0,1,
4886,0,1,0,0,0,0,0,1,
4895,1,1,0,1,0,0,1,1,
4896,2,0,0,0,2,0,6,2,
4897,1,0,0,1,0,0,1,1,
4898,1,0,0,0,1,0,3,1,
4905,0,2,0,0,0,0,0,1,
4908,1,0,0,0,1,0,3,1,
4919,1,3,0,1,0,0,1,1,
4920,1,2,0,0,0,1,3,1,
4923,0,1,0,0,0,0,0,1,
4929,1,0,0,0,1,0,3,1,
4931,1,0,0,0,1,0,3,1,
4945,0,2,0,0,0,0,0,1,
4952,0,2,0,0,0,0,0,1,
4954,0,1,0,0,0,0,0,1,
4956,0,1,0,0,0,0,0,1,
4958,1,0,0,0,1,0,3,1,
4963,0,2,0,0,0,0,0,1,
4964,2,1,0,1,1,0,4,1,
4971,1,1,0,0,1,0,3,1,
4974,0,1,0,0,0,0,0,1,
4975,2,2,0,1,0,1,4,1,
4977,2,0,0,0,2,0,6,2,
4982,3,3,0,0,2,1,9,2,
4983,0,1,0,0,0,0,0,1,
4986,5,2,0,0,5,0,15,3,
4989,1,0,0,1,0,0,1,1,
4993,1,1,0,1,0,0,1,1,
4994,0,2,0,0,0,0,0,1,
4995,0,2,0,0,0,0,0,1,
4996,0,1,0,0,0,0,0,1,
4998,1,0,0,0,1,0,3,1,
5001,0,1,0,0,0,0,0,1,
5003,1,0,0,0,1,0,3,1,
5011,1,9,1,0,1,0,3,1,
5012,1,1,0,0,1,0,3,1,
5015,4,2,0,0,4,0,12,3,
5016,1,0,0,0,1,0,3,1,
5020,1,0,0,0,1,0,3,1,
5022,4,2,0,0,3,1,12,3,
5028,0,1,0,0,0,0,0,1,
5030,1,0,0,0,1,0,3,1,
5041,0,1,0,0,0,0,0,1,
5042,0,1,0,0,0,0,0,1,
5047,0,3,0,0,0,0,0,1,
5049,0,1,0,0,0,0,0,1,
5050,4,2,0,0,4,0,12,3,
5055,0,3,0,0,0,0,0,1,
5056,1,0,0,0,1,0,3,1,
5060,1,1,0,0,1,0,3,1,
5061,2,0,0,1,1,0,4,1,
5065,4,4,0,1,2,1,10,2,
5067,2,0,0,0,2,0,6,2,
5073,0,11,0,0,0,0,0,1,
5088,1,1,0,0,1,0,3,1,
5096,0,1,0,0,0,0,0,1,
5099,0,1,0,0,0,0,0,1,
5108,0,1,0,0,0,0,0,1,
5110,1,1,0,0,1,0,3,1,
5111,0,1,0,0,0,0,0,1,
5113,0,1,0,0,0,0,0,1,
5120,1,1,0,0,1,0,3,1,
5121,0,3,0,0,0,0,0,1,
5123,0,1,0,0,0,0,0,1,
5128,0,1,0,0,0,0,0,1,
5134,0,1,1,0,0,0,0,1,
5144,1,0,0,1,0,0,1,1,
5145,0,2,0,0,0,0,0,1,
5157,2,0,0,0,2,0,6,2,
5162,1,1,0,0,1,0,3,1,
5163,5,1,0,2,3,0,11,3,
5167,3,2,0,1,1,1,7,2,
5174,0,3,0,0,0,0,0,1,
5178,0,1,0,0,0,0,0,1,
5184,0,1,0,0,0,0,0,1,
5185,0,1,0,0,0,0,0,1,
5193,0,1,0,0,0,0,0,1,
5205,0,1,0,0,0,0,0,1,
5208,0,1,0,0,0,0,0,1,
5210,0,2,0,0,0,0,0,1,
5219,0,1,0,0,0,0,0,1,
5223,1,0,0,0,1,0,3,1,
5225,1,0,0,0,1,0,3,1,
5227,1,0,0,0,1,0,3,1,
5234,1,0,0,0,0,1,3,1,
5237,1,0,0,1,0,0,1,1,
5239,0,2,0,0,0,0,0,1,
5242,1,0,0,0,1,0,3,1,
5244,0,1,0,0,0,0,0,1,
5250,3,8,0,0,3,0,9,2,
5251,1,2,0,0,1,0,3,1,
5252,2,1,0,0,2,0,6,2,
5253,0,3,0,0,0,0,0,1,
5256,1,1,0,0,1,0,3,1,
5257,1,0,0,0,1,0,3,1,
5262,1,0,0,1,0,0,1,1,
5264,1,0,0,0,1,0,3,1,
5265,2,1,0,0,1,1,6,2,
5270,4,0,0,1,3,0,10,2,
5271,0,1,0,0,0,0,0,1,
5272,0,1,0,0,0,0,0,1,
5274,1,0,0,0,1,0,3,1,
5275,1,1,0,1,0,0,1,1,
5276,1,0,0,0,1,0,3,1,
5282,0,2,0,0,0,0,0,1,
5284,0,1,0,0,0,0,0,1,
5291,1,1,0,0,1,0,3,1,
5292,6,6,0,0,5,1,18,3,
5294,1,0,0,0,1,0,3,1,
5296,0,1,0,0,0,0,0,1,
5299,1,0,0,0,1,0,3,1,
5300,0,1,0,0,0,0,0,1,
5306,1,0,0,0,1,0,3,1,
5309,0,1,0,0,0,0,0,1,
5318,1,1,0,1,0,0,1,1,
5325,0,1,0,0,0,0,0,1,
5326,0,1,0,0,0,0,0,1,
5328,1,0,0,1,0,0,1,1,
5332,1,2,0,0,0,1,3,1,
5338,0,1,0,0,0,0,0,1,
5343,1,0,0,0,1,0,3,1,
5344,1,0,0,0,1,0,3,1,
5346,0,1,0,0,0,0,0,1,
5347,0,1,0,0,0,0,0,1,
5362,2,1,0,0,2,0,6,2,
5363,1,0,0,1,0,0,1,1,
5364,1,0,0,0,1,0,3,1,
5365,1,1,0,0,0,1,3,1,
5366,7,5,0,4,3,0,13,3,
5367,0,1,0,0,0,0,0,1,
5373,1,0,0,1,0,0,1,1,
5380,0,2,0,0,0,0,0,1,
5382,1,0,0,0,1,0,3,1,
5383,1,0,0,0,1,0,3,1,
5384,1,1,0,0,1,0,3,1,
5390,2,1,0,0,2,0,6,2,
5395,0,3,0,0,0,0,0,1,
5396,0,1,0,0,0,0,0,1,
5397,1,0,0,0,1,0,3,1,
5398,2,1,0,0,2,0,6,2,
5399,1,0,0,0,1,0,3,1,
5400,1,0,0,1,0,0,1,1,
5402,0,1,0,0,0,0,0,1,
5403,1,0,0,0,1,0,3,1,
5404,0,1,0,0,0,0,0,1,
5418,0,1,0,0,0,0,0,1,
5424,5,2,0,0,5,0,15,3,
5425,2,0,0,0,2,0,6,2,
5431,1,1,0,0,1,0,3,1,
5432,1,1,0,0,1,0,3,1,
5435,2,3,0,0,1,1,6,2,
5447,4,1,0,0,3,1,12,3,
5449,0,2,0,0,0,0,0,1,
5450,0,1,0,0,0,0,0,1,
5455,2,0,0,0,2,0,6,2,
5469,0,2,0,0,0,0,0,1,
5477,1,2,0,1,0,0,1,1,
5478,2,0,0,1,1,0,4,1,
5483,0,1,0,0,0,0,0,1,
5490,0,3,0,0,0,0,0,1,
5491,0,1,0,0,0,0,0,1,
5500,0,1,0,0,0,0,0,1,
5504,0,1,0,0,0,0,0,1,
5511,0,2,0,0,0,0,0,1,
5512,1,2,0,0,1,0,3,1,
5513,0,2,0,0,0,0,0,1,
5515,0,1,0,0,0,0,0,1,
5521,2,0,0,0,2,0,6,2,
5523,0,2,0,0,0,0,0,1,
5525,0,4,0,0,0,0,0,1,
5527,0,1,0,0,0,0,0,1,
5528,0,1,0,0,0,0,0,1,
5529,0,1,0,0,0,0,0,1,
5533,1,0,0,1,0,0,1,1,
5535,1,0,0,1,0,0,1,1,
5536,1,0,0,0,1,0,3,1,
5538,0,1,0,0,0,0,0,1,
5540,9,10,0,1,8,0,25,3,
5545,0,2,0,0,0,0,0,1,
5546,2,1,0,1,1,0,4,1,
5549,0,1,0,0,0,0,0,1,
5551,1,1,0,1,0,0,1,1,
5554,1,8,0,0,1,0,3,1,
5557,1,0,0,0,1,0,3,1,
5558,0,1,0,0,0,0,0,1,
5562,0,1,0,0,0,0,0,1,
5563,0,2,0,0,0,0,0,1,
5568,1,1,0,0,1,0,3,1,
5570,4,0,0,0,3,1,12,3,
5579,3,4,0,0,2,1,9,2,
5582,1,0,0,0,1,0,3,1,
5583,1,1,0,0,1,0,3,1,
5588,0,1,0,0,0,0,0,1,
5591,1,1,0,1,0,0,1,1,
5599,1,0,0,0,1,0,3,1,
5605,0,4,0,0,0,0,0,1,
5616,1,1,0,0,0,1,3,1,
5618,1,3,0,1,0,0,1,1,
5622,0,2,0,0,0,0,0,1,
5630,0,2,0,0,0,0,0,1,
5640,0,1,0,0,0,0,0,1,
5642,0,1,0,0,0,0,0,1,
5644,1,0,0,0,1,0,3,1,
5645,0,3,0,0,0,0,0,1,
5648,0,1,0,0,0,0,0,1,
5654,0,2,0,0,0,0,0,1,
5655,3,1,0,0,3,0,9,2,
5662,0,3,0,0,0,0,0,1,
5666,1,0,0,0,1,0,3,1,
5668,0,4,0,0,0,0,0,1,
5674,0,1,0,0,0,0,0,1,
5676,3,2,0,0,3,0,9,2,
5677,3,3,0,2,1,0,5,1,
5678,2,1,0,1,0,1,4,1,
5680,1,1,0,1,0,0,1,1,
5681,0,1,0,0,0,0,0,1,
5682,1,0,0,0,0,1,3,1,
5683,0,2,0,0,0,0,0,1,
5688,1,1,0,0,1,0,3,1,
5690,1,0,0,0,1,0,3,1,
5692,0,3,0,0,0,0,0,1,
5694,0,1,0,0,0,0,0,1,
5695,1,4,1,1,0,0,1,1,
5696,0,1,0,0,0,0,0,1,
5697,1,0,0,0,1,0,3,1,
5702,1,0,0,0,1,0,3,1,
5703,0,5,1,0,0,0,0,1,
5704,0,1,0,0,0,0,0,1,
5705,0,2,0,0,0,0,0,1,
5710,1,0,0,0,1,0,3,1,
5713,2,5,0,2,0,0,2,1,
5716,0,1,0,0,0,0,0,1,
5717,2,2,0,1,1,0,4,1,
5719,1,3,0,0,1,0,3,1,
5725,0,1,0,0,0,0,0,1,
5727,1,1,0,0,1,0,3,1,
5733,5,2,0,1,3,1,13,3,
5736,0,1,0,0,0,0,0,1,
5739,0,1,0,0,0,0,0,1,
5743,1,0,0,0,1,0,3,1,
5744,0,2,0,0,0,0,0,1,
5749,3,1,0,1,2,0,7,2,
5750,0,1,0,0,0,0,0,1,
5753,2,4,0,0,2,0,6,2,
5755,0,1,0,0,0,0,0,1,
5756,0,2,0,0,0,0,0,1,
5759,1,2,0,0,1,0,3,1,
5767,1,0,0,0,1,0,3,1,
5775,0,1,0,0,0,0,0,1,
5779,1,1,0,1,0,0,1,1,
5783,0,1,0,0,0,0,0,1,
5785,6,4,0,1,5,0,16,3,
5787,1,0,0,0,0,1,3,1,
5792,2,1,0,1,1,0,4,1,
5795,1,0,0,0,1,0,3,1,
5798,1,1,0,0,1,0,3,1,
5801,2,0,0,1,1,0,4,1,
5809,3,10,0,1,0,2,7,2,
5811,4,2,0,2,2,0,8,2,
5815,0,1,0,0,0,0,0,1,
5816,1,0,0,0,1,0,3,1,
5817,0,1,0,0,0,0,0,1,
5823,1,2,0,0,1,0,3,1,
5829,0,2,0,0,0,0,0,1,
5831,1,1,0,0,0,1,3,1,
5834,0,2,0,0,0,0,0,1,
5839,1,0,0,0,0,1,3,1,
5846,1,0,0,0,1,0,3,1,
5851,2,0,0,0,2,0,6,2,
5852,5,2,0,2,3,0,11,3,
5855,7,6,0,3,4,0,15,3,
5856,1,0,0,0,1,0,3,1,
5862,0,1,0,0,0,0,0,1,
5863,1,1,0,0,1,0,3,1,
5864,0,1,0,0,0,0,0,1,
5871,2,1,0,0,2,0,6,2,
5872,0,1,0,0,0,0,0,1,
5874,0,1,0,0,0,0,0,1,
5877,0,1,0,0,0,0,0,1,
5878,0,1,0,0,0,0,0,1,
5881,0,1,0,0,0,0,0,1,
5882,0,1,0,0,0,0,0,1,
5886,0,1,0,0,0,0,0,1,
5888,0,1,0,0,0,0,0,1,
5890,0,1,0,0,0,0,0,1,
5893,1,0,0,0,1,0,3,1,
5897,0,1,0,0,0,0,0,1,
5903,0,1,0,0,0,0,0,1,
5904,0,2,0,0,0,0,0,1,
5906,1,1,0,0,1,0,3,1,
5910,0,1,0,0,0,0,0,1,
5911,1,2,0,0,1,0,3,1,
5914,1,2,0,0,1,0,3,1,
5923,1,1,0,0,1,0,3,1,
5935,1,1,0,0,1,0,3,1,
5936,1,1,0,0,0,1,3,1,
5940,1,1,0,1,0,0,1,1,
5941,0,1,0,0,0,0,0,1,
5942,2,0,0,1,1,0,4,1,
5949,0,1,0,0,0,0,0,1,
5956,0,1,0,0,0,0,0,1,
5959,1,0,0,0,1,0,3,1,
5961,0,1,0,0,0,0,0,1,
5962,0,1,1,0,0,0,0,1,
5964,2,3,0,0,2,0,6,2,
5970,1,2,0,0,1,0,3,1,
5971,1,2,0,0,1,0,3,1,
5973,0,1,0,0,0,0,0,1,
5974,1,0,0,1,0,0,1,1,
5983,3,0,0,0,3,0,9,2,
5991,1,0,0,0,1,0,3,1,
5994,0,1,0,0,0,0,0,1,
5995,1,0,0,1,0,0,1,1,
5997,1,1,0,1,0,0,1,1,
6004,1,1,0,0,1,0,3,1,
6006,0,1,0,0,0,0,0,1,
6012,0,1,0,0,0,0,0,1,
6013,0,1,0,0,0,0,0,1,
6014,2,5,0,0,2,0,6,2,
6017,0,1,0,0,0,0,0,1,
6018,0,1,0,0,0,0,0,1,
6022,0,2,0,0,0,0,0,1,
6024,0,1,0,0,0,0,0,1,
6026,1,0,0,0,1,0,3,1,
6029,0,1,0,0,0,0,0,1,
6031,2,4,0,0,2,0,6,2,
6032,7,2,0,1,6,0,19,3,
6040,1,1,0,0,1,0,3,1,
6041,0,1,0,0,0,0,0,1,
6046,1,0,0,0,1,0,3,1,
6047,0,1,0,0,0,0,0,1,
6050,0,2,0,0,0,0,0,1,
6054,2,2,1,0,2,0,6,2,
6057,0,1,0,0,0,0,0,1,
6060,0,1,0,0,0,0,0,1,
6068,2,0,0,0,2,0,6,2,
6069,2,1,0,0,1,1,6,2,
6071,0,1,0,0,0,0,0,1,
6074,1,0,0,0,1,0,3,1,
6076,0,1,0,0,0,0,0,1,
6079,6,4,0,1,5,0,16,3,
6081,1,1,0,0,1,0,3,1,
6083,0,1,0,0,0,0,0,1,
6084,2,0,0,0,2,0,6,2,
6085,1,2,0,0,1,0,3,1,
6087,1,1,0,0,1,0,3,1,
6106,1,0,0,0,1,0,3,1,
6109,1,4,0,0,1,0,3,1,
6116,1,1,0,0,1,0,3,1,
6120,1,0,0,0,1,0,3,1,
6126,0,1,0,0,0,0,0,1,
6128,1,1,0,1,0,0,1,1,
6129,1,0,0,0,1,0,3,1,
6131,0,2,0,0,0,0,0,1,
6136,1,0,0,0,1,0,3,1,
6139,0,1,0,0,0,0,0,1,
6140,0,1,0,0,0,0,0,1,
6141,1,1,0,0,1,0,3,1,
6150,0,1,0,0,0,0,0,1,
6152,2,0,0,1,1,0,4,1,
6156,0,1,0,0,0,0,0,1,
6168,0,1,0,0,0,0,0,1,
6170,3,2,0,0,1,2,9,2,
6172,2,2,0,0,2,0,6,2,
6177,0,1,0,0,0,0,0,1,
6179,0,2,0,0,0,0,0,1,
6185,0,2,0,0,0,0,0,1,
6187,2,0,0,0,1,1,6,2,
6188,6,3,0,0,5,1,18,3,
6189,0,1,0,0,0,0,0,1,
6190,0,1,0,0,0,0,0,1,
6196,1,2,0,0,1,0,3,1,
6200,1,0,0,0,1,0,3,1,
6201,0,1,0,0,0,0,0,1,
6203,0,1,0,0,0,0,0,1,
6204,1,0,0,0,1,0,3,1,
6209,0,1,0,0,0,0,0,1,
6213,0,1,0,0,0,0,0,1,
6214,4,1,0,1,3,0,10,2,
6215,2,1,0,0,2,0,6,2,
6220,0,1,0,0,0,0,0,1,
6223,1,0,0,1,0,0,1,1,
6226,1,1,0,0,1,0,3,1,
6228,0,1,0,0,0,0,0,1,
6230,0,1,0,0,0,0,0,1,
6231,0,1,0,0,0,0,0,1,
6232,1,0,0,0,1,0,3,1,
6245,2,0,0,0,1,1,6,2,
6246,2,3,0,0,2,0,6,2,
6253,0,1,0,0,0,0,0,1,
6255,2,2,0,1,1,0,4,1,
6260,1,3,0,0,1,0,3,1,
6262,1,1,0,1,0,0,1,1,
6269,1,0,0,0,1,0,3,1,
6271,0,2,0,0,0,0,0,1,
6277,1,0,0,0,1,0,3,1,
6279,1,1,0,0,1,0,3,1,
6281,1,2,0,0,1,0,3,1,
6287,0,2,0,0,0,0,0,1,
6291,1,0,0,0,1,0,3,1,
6295,0,2,0,0,0,0,0,1,
6301,0,2,0,0,0,0,0,1,
6302,1,0,0,0,1,0,3,1,
6305,1,3,0,1,0,0,1,1,
6306,0,1,0,0,0,0,0,1,
6309,2,0,0,0,2,0,6,2,
6318,0,1,0,0,0,0,0,1,
6326,0,1,0,0,0,0,0,1,
6333,0,1,0,0,0,0,0,1,
6335,4,2,0,1,3,0,10,2,
6338,0,8,0,0,0,0,0,1,
6345,1,0,0,0,1,0,3,1,
6347,3,4,0,0,3,0,9,2,
6348,1,0,0,0,1,0,3,1,
6352,1,2,0,1,0,0,1,1,
6359,0,1,0,0,0,0,0,1,
6362,0,1,0,0,0,0,0,1,
6363,3,1,0,1,2,0,7,2,
6364,4,2,0,0,4,0,12,3,
6368,1,1,0,0,1,0,3,1,
6369,0,1,0,0,0,0,0,1,
6377,1,2,0,0,1,0,3,1,
6382,1,1,0,0,1,0,3,1,
6383,1,1,0,0,0,1,3,1,
6384,1,2,0,0,0,1,3,1,
6385,0,2,0,0,0,0,0,1,
6387,1,1,0,1,0,0,1,1,
6391,1,0,0,0,1,0,3,1,
6395,0,1,0,0,0,0,0,1,
6398,0,1,0,0,0,0,0,1,
6401,0,2,0,0,0,0,0,1,
6402,0,1,0,0,0,0,0,1,
6404,0,1,0,0,0,0,0,1,
6407,0,2,0,0,0,0,0,1,
6408,0,3,0,0,0,0,0,1,
6421,1,0,0,0,0,1,3,1,
6427,1,2,0,0,1,0,3,1,
6428,1,0,0,0,1,0,3,1,
6432,3,3,0,0,3,0,9,2,
6433,1,0,0,0,1,0,3,1,
6434,3,2,0,0,2,1,9,2,
6436,1,2,0,0,1,0,3,1,
6437,6,4,0,0,6,0,18,3,
6439,1,2,0,0,1,0,3,1,
6440,3,0,0,1,2,0,7,2,
6444,0,2,0,0,0,0,0,1,
6445,1,1,0,1,0,0,1,1,
6446,0,1,0,0,0,0,0,1,
6451,2,1,0,0,1,1,6,2,
6452,1,0,0,1,0,0,1,1,
6457,0,2,0,0,0,0,0,1,
6458,2,1,0,1,1,0,4,1,
6463,1,1,0,0,1,0,3,1,
6466,0,1,0,0,0,0,0,1,
6467,1,1,0,0,1,0,3,1,
6468,1,0,0,1,0,0,1,1,
6471,2,0,0,1,1,0,4,1,
6474,0,1,0,0,0,0,0,1,
6487,0,1,0,0,0,0,0,1,
6488,0,1,0,0,0,0,0,1,
6489,0,1,0,0,0,0,0,1,
6491,1,0,0,0,0,1,3,1,
6495,1,0,0,0,1,0,3,1,
6499,1,4,0,0,1,0,3,1,
6507,0,1,0,0,0,0,0,1,
6511,1,0,0,1,0,0,1,1,
6513,0,1,0,0,0,0,0,1,
6515,0,1,0,0,0,0,0,1,
6518,0,2,0,0,0,0,0,1,
6521,0,1,0,0,0,0,0,1,
6541,1,0,0,0,0,1,3,1,
6544,0,1,0,0,0,0,0,1,
6550,1,1,0,1,0,0,1,1,
6555,0,2,0,0,0,0,0,1,
6561,0,2,0,0,0,0,0,1,
6563,0,1,0,0,0,0,0,1,
6564,3,3,0,1,1,1,7,2,
6566,1,2,0,0,1,0,3,1,
6570,3,1,0,1,2,0,7,2,
6574,1,3,0,0,1,0,3,1,
6579,2,2,0,0,2,0,6,2,
6590,0,2,0,0,0,0,0,1,
6593,0,1,0,0,0,0,0,1,
6595,0,1,0,0,0,0,0,1,
6602,3,3,0,1,2,0,7,2,
6604,1,0,0,0,1,0,3,1,
6609,0,2,0,0,0,0,0,1,
6611,1,0,0,1,0,0,1,1,
6612,0,1,0,0,0,0,0,1,
6616,0,1,0,0,0,0,0,1,
6620,0,1,0,0,0,0,0,1,
6623,0,1,0,0,0,0,0,1,
6624,1,1,0,0,1,0,3,1,
6627,0,3,0,0,0,0,0,1,
6632,1,0,0,0,1,0,3,1,
6634,0,1,0,0,0,0,0,1,
6638,0,1,0,0,0,0,0,1,
6640,2,0,0,2,0,0,2,1,
6642,3,0,0,2,1,0,5,1,
6647,2,1,0,0,2,0,6,2,
6649,5,5,0,3,2,0,9,2,
6650,5,0,0,0,5,0,15,3,
6651,5,2,0,3,2,0,9,2,
6652,0,1,0,0,0,0,0,1,
6656,0,2,0,0,0,0,0,1,
6661,2,4,0,0,2,0,6,2,
6664,0,1,0,0,0,0,0,1,
6668,2,1,0,0,1,1,6,2,
6673,2,0,0,1,1,0,4,1,
6674,0,1,0,0,0,0,0,1,
6675,0,4,0,0,0,0,0,1,
6676,1,1,0,0,1,0,3,1,
6677,3,0,0,0,3,0,9,2,
6678,1,0,0,0,1,0,3,1,
6680,4,0,0,0,4,0,12,3,
6682,0,1,0,0,0,0,0,1,
6683,2,0,0,0,2,0,6,2,
6684,0,1,0,0,0,0,0,1,
6686,5,3,0,2,3,0,11,3,
6687,0,1,0,0,0,0,0,1,
6690,0,3,0,0,0,0,0,1,
6697,0,1,0,0,0,0,0,1,
6699,1,2,0,0,1,0,3,1,
6700,1,0,0,0,1,0,3,1,
6703,1,1,0,1,0,0,1,1,
6710,0,1,0,0,0,0,0,1,
6717,0,1,0,0,0,0,0,1,
6720,0,2,0,0,0,0,0,1,
6726,1,0,0,0,1,0,3,1,
6729,1,0,0,0,1,0,3,1,
6734,1,2,0,1,0,0,1,1,
6735,1,2,0,0,0,1,3,1,
6737,0,1,0,0,0,0,0,1,
6741,0,1,0,0,0,0,0,1,
6742,0,1,0,0,0,0,0,1,
6748,0,1,0,0,0,0,0,1,
6751,2,4,0,0,2,0,6,2,
6752,0,1,0,0,0,0,0,1,
6755,0,1,0,0,0,0,0,1,
6759,0,1,0,0,0,0,0,1,
6762,0,1,0,0,0,0,0,1,
6764,0,1,0,0,0,0,0,1,
6768,0,1,0,0,0,0,0,1,
6774,0,1,0,0,0,0,0,1,
6775,2,0,0,0,2,0,6,2,
6778,1,2,0,0,1,0,3,1,
6782,0,1,0,0,0,0,0,1,
6784,6,2,0,0,5,1,18,3,
6785,1,1,0,0,1,0,3,1,
6787,0,1,0,0,0,0,0,1,
6792,0,1,0,0,0,0,0,1,
6795,0,1,0,0,0,0,0,1,
6799,0,1,0,0,0,0,0,1,
6800,2,0,0,0,2,0,6,2,
6801,0,1,0,0,0,0,0,1,
6802,0,1,0,0,0,0,0,1,
6804,0,1,0,0,0,0,0,1,
6805,0,1,0,0,0,0,0,1,
6807,1,0,0,0,1,0,3,1,
6812,1,3,0,1,0,0,1,1,
6815,1,0,0,1,0,0,1,1,
6816,0,2,0,0,0,0,0,1,
6820,1,1,0,0,1,0,3,1,
6822,0,1,0,0,0,0,0,1,
6826,5,3,0,2,2,1,11,3,
6830,0,2,0,0,0,0,0,1,
6834,0,3,0,0,0,0,0,1,
6844,2,1,0,0,2,0,6,2,
6845,0,1,0,0,0,0,0,1,
6852,1,0,0,1,0,0,1,1,
6860,0,1,0,0,0,0,0,1,
6863,0,2,0,0,0,0,0,1,
6870,1,0,0,0,1,0,3,1,
6873,1,0,0,1,0,0,1,1,
6880,0,1,0,0,0,0,0,1,
6882,2,0,0,0,1,1,6,2,
6891,1,0,0,0,1,0,3,1,
6892,1,0,0,1,0,0,1,1,
6896,1,0,0,1,0,0,1,1,
6904,0,1,0,0,0,0,0,1,
6910,0,1,0,0,0,0,0,1,
6914,0,1,0,0,0,0,0,1,
6915,1,0,0,0,1,0,3,1,
6921,1,0,0,0,1,0,3,1,
6922,1,0,0,1,0,0,1,1,
6924,0,4,0,0,0,0,0,1,
6925,0,1,0,0,0,0,0,1,
6929,0,3,0,0,0,0,0,1,
6931,1,2,0,0,1,0,3,1,
6941,0,1,0,0,0,0,0,1,
6946,0,1,0,0,0,0,0,1,
6947,0,1,0,0,0,0,0,1,
6950,1,0,0,1,0,0,1,1,
6961,0,1,0,0,0,0,0,1,
6963,1,3,0,0,1,0,3,1,
6964,0,1,0,0,0,0,0,1,
6972,0,1,0,0,0,0,0,1,
6981,2,1,0,1,1,0,4,1,
6985,1,1,0,1,0,0,1,1,
6986,2,2,0,0,2,0,6,2,
6992,1,3,0,0,1,0,3,1,
6997,0,2,0,0,0,0,0,1,
7003,1,1,0,0,1,0,3,1,
7004,3,1,0,0,3,0,9,2,
7008,0,1,0,0,0,0,0,1,
7009,4,3,0,2,2,0,8,2,
7011,3,10,0,1,2,0,7,2,
7012,1,1,0,0,1,0,3,1,
7014,1,2,0,0,1,0,3,1,
7015,0,1,0,0,0,0,0,1,
7019,0,1,0,0,0,0,0,1,
7023,0,1,0,0,0,0,0,1,
7032,0,2,0,0,0,0,0,1,
7034,0,2,0,0,0,0,0,1,
7037,2,1,0,0,1,1,6,2,
7038,0,1,0,0,0,0,0,1,
7040,0,1,0,0,0,0,0,1,
7045,0,1,0,0,0,0,0,1,
7048,1,1,0,0,1,0,3,1,
7056,1,0,0,1,0,0,1,1,
7061,1,4,0,0,1,0,3,1,
7063,1,0,0,1,0,0,1,1,
7065,1,0,0,0,1,0,3,1,
7070,1,0,0,0,1,0,3,1,
7072,0,1,0,0,0,0,0,1,
7074,2,0,0,1,1,0,4,1,
7077,0,1,0,0,0,0,0,1,
7085,1,0,0,0,1,0,3,1,
7093,2,2,0,0,2,0,6,2,
7095,0,1,0,0,0,0,0,1,
7098,5,6,0,0,5,0,15,3,
7099,1,3,0,1,0,0,1,1,
7100,1,0,0,0,1,0,3,1,
7109,1,0,0,1,0,0,1,1,
7115,0,1,0,0,0,0,0,1,
7117,1,0,0,1,0,0,1,1,
7121,3,4,0,0,3,0,9,2,
7127,0,2,0,0,0,0,0,1,
7135,1,0,0,0,0,1,3,1,
7136,0,2,0,0,0,0,0,1,
7137,0,2,0,0,0,0,0,1,
7143,0,1,0,0,0,0,0,1,
7146,1,0,0,0,1,0,3,1,
7150,3,1,0,2,1,0,5,1,
7156,1,5,0,1,0,0,1,1,
7157,0,1,0,0,0,0,0,1,
7158,1,1,0,0,1,0,3,1,
7159,7,5,0,0,7,0,21,3,
7161,0,1,0,0,0,0,0,1,
7164,0,1,0,0,0,0,0,1,
7167,0,3,0,0,0,0,0,1,
7169,0,1,0,0,0,0,0,1,
7176,2,2,0,1,1,0,4,1,
7178,0,1,0,0,0,0,0,1,
7179,0,1,0,0,0,0,0,1,
7180,5,8,0,2,3,0,11,3,
7181,2,2,0,0,2,0,6,2,
7183,0,1,0,0,0,0,0,1,
7185,0,1,0,0,0,0,0,1,
7186,0,1,0,0,0,0,0,1,
7187,1,2,0,0,1,0,3,1,
7190,1,0,0,1,0,0,1,1,
7204,3,0,0,2,1,0,5,1,
7206,2,1,0,0,2,0,6,2,
7209,1,0,0,0,1,0,3,1,
7215,1,0,0,0,1,0,3,1,
7216,1,0,0,0,1,0,3,1,
7217,0,3,0,0,0,0,0,1,
7219,1,0,0,0,1,0,3,1,
7223,1,0,0,0,1,0,3,1,
7224,3,3,0,0,3,0,9,2,
7226,1,2,0,0,1,0,3,1,
7229,2,2,0,1,1,0,4,1,
7233,0,2,0,0,0,0,0,1,
7242,3,0,0,1,1,1,7,2,
7244,0,1,0,0,0,0,0,1,
7251,1,1,0,1,0,0,1,1,
7254,0,1,0,0,0,0,0,1,
7257,0,1,0,0,0,0,0,1,
7262,1,0,0,1,0,0,1,1,
7268,1,0,0,1,0,0,1,1,
7270,1,1,0,0,1,0,3,1,
7274,1,1,0,0,0,1,3,1,
7275,1,1,0,0,1,0,3,1,
7277,0,2,0,0,0,0,0,1,
7283,1,0,0,0,1,0,3,1,
7284,1,0,0,1,0,0,1,1,
7286,1,0,0,0,1,0,3,1,
7294,1,0,0,0,0,1,3,1,
7298,1,0,0,0,1,0,3,1,
7302,1,1,0,0,1,0,3,1,
7304,1,1,0,0,1,0,3,1,
7306,1,0,0,0,1,0,3,1,
7308,1,0,0,0,1,0,3,1,
7314,3,1,0,1,1,1,7,2,
7317,0,1,0,0,0,0,0,1,
7319,1,1,0,0,1,0,3,1,
7332,1,0,0,0,1,0,3,1,
7333,0,1,0,0,0,0,0,1,
7336,0,2,0,0,0,0,0,1,
7340,0,2,0,0,0,0,0,1,
7342,2,0,0,2,0,0,2,1,
7349,0,1,0,0,0,0,0,1,
7359,1,0,0,0,1,0,3,1,
7362,1,0,0,0,1,0,3,1,
7364,6,0,0,0,5,1,18,3,
7365,1,1,0,0,1,0,3,1,
7371,1,1,0,0,1,0,3,1,
7374,1,0,0,0,1,0,3,1,
7376,0,1,0,0,0,0,0,1,
7379,3,4,0,0,3,0,9,2,
7384,0,3,0,0,0,0,0,1,
7386,2,2,0,1,1,0,4,1,
7387,5,2,0,2,3,0,11,3,
7392,1,0,0,0,1,0,3,1,
7395,0,1,0,0,0,0,0,1,
7396,0,2,0,0,0,0,0,1,
7400,1,1,0,0,1,0,3,1,
7407,1,0,0,0,0,1,3,1,
7408,1,4,0,0,1,0,3,1,
7413,1,2,1,1,0,0,1,1,
7417,1,3,0,1,0,0,1,1,
7424,0,1,0,0,0,0,0,1,
7426,0,1,0,0,0,0,0,1,
7431,1,2,0,0,1,0,3,1,
7436,0,2,0,0,0,0,0,1,
7437,0,1,0,0,0,0,0,1,
7438,0,1,0,0,0,0,0,1,
7441,1,1,0,0,1,0,3,1,
7443,0,1,0,0,0,0,0,1,
7452,1,3,0,0,1,0,3,1,
7453,0,1,0,0,0,0,0,1,
7464,1,0,0,0,1,0,3,1,
7471,2,0,0,0,1,1,6,2,
7473,0,1,0,0,0,0,0,1,
7474,0,2,0,0,0,0,0,1,
7475,1,0,0,1,0,0,1,1,
7476,1,5,0,0,1,0,3,1,
7477,4,0,0,1,2,1,10,2,
7479,0,1,0,0,0,0,0,1,
7480,0,1,0,0,0,0,0,1,
7487,0,1,0,0,0,0,0,1,
7490,1,0,0,1,0,0,1,1,
7491,2,0,0,0,2,0,6,2,
7492,1,1,0,1,0,0,1,1,
7498,2,1,0,1,1,0,4,1,
7503,0,1,0,0,0,0,0,1,
7507,0,1,0,0,0,0,0,1,
7508,0,3,0,0,0,0,0,1,
7511,0,1,0,0,0,0,0,1,
7515,3,0,0,0,3,0,9,2,
7524,0,1,0,0,0,0,0,1,
7529,3,0,0,1,2,0,7,2,
7530,0,1,0,0,0,0,0,1,
7537,0,2,0,0,0,0,0,1,
7538,1,0,0,1,0,0,1,1,
7546,0,2,0,0,0,0,0,1,
7559,1,1,0,1,0,0,1,1,
7567,0,2,0,0,0,0,0,1,
7570,0,2,0,0,0,0,0,1,
7575,0,4,0,0,0,0,0,1,
7582,1,0,0,0,1,0,3,1,
7592,1,0,0,0,1,0,3,1,
7596,0,1,0,0,0,0,0,1,
7597,1,0,0,0,1,0,3,1,
7610,1,0,0,0,0,1,3,1,
7611,0,1,0,0,0,0,0,1,
7618,0,2,0,0,0,0,0,1,
7625,0,1,0,0,0,0,0,1,
7633,1,0,0,0,0,1,3,1,
7634,1,0,0,0,1,0,3,1,
7636,0,1,0,0,0,0,0,1,
7637,1,0,0,1,0,0,1,1,
7639,6,0,0,2,3,1,14,3,
7643,0,5,0,0,0,0,0,1,
7645,2,0,0,0,1,1,6,2,
7649,3,2,0,0,3,0,9,2,
7650,1,0,0,0,1,0,3,1,
7654,3,6,0,1,1,1,7,2,
7656,0,1,0,0,0,0,0,1,
7659,0,1,0,0,0,0,0,1,
7661,2,1,0,1,0,1,4,1,
7671,0,2,0,0,0,0,0,1,
7674,0,1,0,0,0,0,0,1,
7676,6,8,0,4,2,0,10,2,
7678,0,1,0,0,0,0,0,1,
7679,0,1,0,0,0,0,0,1,
7680,0,2,0,0,0,0,0,1,
7683,0,1,0,0,0,0,0,1,
7685,1,0,0,0,1,0,3,1,
7687,1,1,0,0,1,0,3,1,
7688,1,6,0,0,1,0,3,1,
7691,1,0,0,0,1,0,3,1,
7692,5,5,0,1,4,0,13,3,
7697,1,3,0,0,1,0,3,1,
7700,0,2,0,0,0,0,0,1,
7702,0,1,0,0,0,0,0,1,
7705,1,0,0,0,1,0,3,1,
7706,2,1,0,0,2,0,6,2,
7707,1,1,0,0,1,0,3,1,
7711,1,0,0,0,1,0,3,1,
7715,0,1,0,0,0,0,0,1,
7718,0,1,0,0,0,0,0,1,
7719,0,1,0,0,0,0,0,1,
7721,6,2,0,3,3,0,12,3,
7724,0,1,0,0,0,0,0,1,
7725,4,0,0,0,4,0,12,3,
7727,1,0,0,1,0,0,1,1,
7729,2,1,0,0,2,0,6,2,
7738,0,2,0,0,0,0,0,1,
7741,1,1,0,0,1,0,3,1,
7744,2,0,0,0,2,0,6,2,
7746,1,0,0,0,1,0,3,1,
7751,6,0,0,1,5,0,16,3,
7758,0,1,0,0,0,0,0,1,
7759,1,1,0,0,1,0,3,1,
7763,1,1,0,1,0,0,1,1,
7764,0,1,0,0,0,0,0,1,
7767,0,1,0,0,0,0,0,1,
7773,0,1,0,0,0,0,0,1,
7775,4,0,0,0,3,1,12,3,
7780,0,1,0,0,0,0,0,1,
7781,2,0,0,0,1,1,6,2,
7782,1,0,0,0,1,0,3,1,
7785,0,1,0,0,0,0,0,1,
7790,2,0,0,1,1,0,4,1,
7802,0,1,0,0,0,0,0,1,
7809,6,6,0,0,6,0,18,3,
7818,0,1,0,0,0,0,0,1,
7819,3,4,0,0,3,0,9,2,
7821,1,2,0,1,0,0,1,1,
7822,0,1,0,0,0,0,0,1,
7828,1,0,0,0,1,0,3,1,
7829,0,1,0,0,0,0,0,1,
7830,1,2,0,0,1,0,3,1,
7833,0,1,0,0,0,0,0,1,
7835,3,0,0,1,2,0,7,2,
7836,0,1,0,0,0,0,0,1,
7839,0,6,0,0,0,0,0,1,
7841,1,3,0,0,1,0,3,1,
7845,2,3,0,0,1,1,6,2,
7847,0,2,0,0,0,0,0,1,
7853,0,1,0,0,0,0,0,1,
7855,0,1,0,0,0,0,0,1,
7856,0,1,0,0,0,0,0,1,
7858,4,7,1,1,3,0,10,2,
7864,0,1,0,0,0,0,0,1,
7869,0,1,0,0,0,0,0,1,
7873,1,0,0,0,1,0,3,1,
7877,1,2,0,0,1,0,3,1,
7883,1,2,0,0,0,1,3,1,
7887,0,3,0,0,0,0,0,1,
7891,0,5,0,0,0,0,0,1,
7894,0,2,0,0,0,0,0,1,
7896,0,1,0,0,0,0,0,1,
7897,3,1,0,1,2,0,7,2,
7902,1,0,0,0,1,0,3,1,
7906,1,0,0,0,1,0,3,1,
7912,0,1,0,0,0,0,0,1,
7914,1,1,0,0,1,0,3,1,
7917,1,3,0,0,1,0,3,1,
7922,0,2,0,0,0,0,0,1,
7930,0,1,0,0,0,0,0,1,
7932,0,1,0,0,0,0,0,1,
7933,0,2,0,0,0,0,0,1,
7943,1,0,0,0,0,1,3,1,
7944,1,0,0,1,0,0,1,1,
7948,1,0,0,0,1,0,3,1,
7952,0,1,0,0,0,0,0,1,
7953,0,1,0,0,0,0,0,1,
7954,2,0,0,1,1,0,4,1,
7955,1,0,0,1,0,0,1,1,
7957,2,0,0,1,1,0,4,1,
7963,1,0,0,0,1,0,3,1,
7964,0,1,0,0,0,0,0,1,
7967,0,1,0,0,0,0,0,1,
7968,1,0,0,1,0,0,1,1,
7973,1,5,0,0,1,0,3,1,
7975,0,2,0,0,0,0,0,1,
7980,1,2,0,0,1,0,3,1,
7982,4,0,0,0,3,1,12,3,
7988,0,2,0,0,0,0,0,1,
7997,0,1,0,0,0,0,0,1,
7998,0,1,0,0,0,0,0,1,
8001,0,1,0,0,0,0,0,1,
8005,0,1,0,0,0,0,0,1,
8009,1,1,0,0,1,0,3,1,
8010,0,3,0,0,0,0,0,1,
8012,0,1,0,0,0,0,0,1,
8016,0,1,0,0,0,0,0,1,
8025,1,0,0,1,0,0,1,1,
8028,2,4,0,1,1,0,4,1,
8031,0,1,0,0,0,0,0,1,
8034,1,0,0,0,1,0,3,1,
8039,0,2,0,0,0,0,0,1,
8040,0,1,0,0,0,0,0,1,
8042,1,0,0,0,1,0,3,1,
8043,0,2,0,0,0,0,0,1,
8047,0,2,0,0,0,0,0,1,
8049,1,1,0,1,0,0,1,1,
8052,1,0,0,0,0,1,3,1,
8054,2,0,0,1,1,0,4,1,
8058,1,0,0,0,1,0,3,1,
8072,2,0,0,1,1,0,4,1,
8078,2,0,0,0,1,1,6,2,
8079,1,1,0,0,1,0,3,1,
8090,0,1,0,0,0,0,0,1,
8093,1,1,0,0,1,0,3,1,
8095,0,1,0,0,0,0,0,1,
8098,3,2,0,1,2,0,7,2,
8099,0,1,0,0,0,0,0,1,
8104,1,2,0,0,1,0,3,1,
8105,0,1,0,0,0,0,0,1,
8108,0,1,0,0,0,0,0,1,
8115,2,0,0,1,1,0,4,1,
8120,1,4,0,0,1,0,3,1,
8124,3,13,0,0,3,0,9,2,
8126,2,0,0,0,1,1,6,2,
8130,0,1,0,0,0,0,0,1,
8131,1,0,0,0,1,0,3,1,
8132,0,1,1,0,0,0,0,1,
8135,1,0,0,0,1,0,3,1,
8139,0,1,0,0,0,0,0,1,
8158,1,0,0,0,1,0,3,1,
8160,1,0,0,0,1,0,3,1,
8163,1,0,0,0,1,0,3,1,
8165,2,1,0,1,1,0,4,1,
8172,0,1,0,0,0,0,0,1,
8174,0,1,0,0,0,0,0,1,
8176,0,1,0,0,0,0,0,1,
8181,1,0,0,1,0,0,1,1,
8182,1,1,0,0,1,0,3,1,
8186,1,6,0,0,1,0,3,1,
8191,4,1,0,1,3,0,10,2,
8194,1,0,0,0,1,0,3,1,
8195,2,3,0,1,1,0,4,1,
8198,1,0,0,0,1,0,3,1,
8203,0,3,0,0,0,0,0,1,
8205,1,1,0,0,1,0,3,1,
8213,0,1,0,0,0,0,0,1,
8216,3,1,0,0,2,1,9,2,
8220,0,2,0,0,0,0,0,1,
8224,1,0,0,0,1,0,3,1,
8230,0,2,0,0,0,0,0,1,
8231,3,1,0,1,2,0,7,2,
8232,0,1,0,0,0,0,0,1,
8233,0,1,0,0,0,0,0,1,
8238,0,2,0,0,0,0,0,1,
8245,1,0,0,0,1,0,3,1,
8246,0,1,0,0,0,0,0,1,
8250,0,3,0,0,0,0,0,1,
8252,1,2,0,0,1,0,3,1,
8260,3,0,0,1,2,0,7,2,
8263,0,1,0,0,0,0,0,1,
8265,0,1,0,0,0,0,0,1,
8276,0,2,0,0,0,0,0,1,
8285,1,0,0,1,0,0,1,1,
8286,0,1,0,0,0,0,0,1,
8289,0,1,0,0,0,0,0,1,
8292,1,0,0,0,1,0,3,1,
8297,1,0,0,0,1,0,3,1,
8302,1,1,0,0,1,0,3,1,
8303,0,1,0,0,0,0,0,1,
8306,1,0,0,0,1,0,3,1,
8307,0,1,0,0,0,0,0,1,
8314,1,1,0,0,1,0,3,1,
8322,0,1,0,0,0,0,0,1,
8325,1,2,0,1,0,0,1,1,
8326,0,1,0,0,0,0,0,1,
8328,0,1,0,0,0,0,0,1,
8329,0,1,0,0,0,0,0,1,
8331,0,2,0,0,0,0,0,1,
8332,0,2,0,0,0,0,0,1,
8333,0,2,0,0,0,0,0,1,
8340,1,0,0,0,0,1,3,1,
8343,1,0,0,0,1,0,3,1,
8344,5,8,0,0,4,1,15,3,
8355,1,0,0,0,1,0,3,1,
8362,0,1,0,0,0,0,0,1,
8363,0,1,0,0,0,0,0,1,
8367,1,0,0,0,1,0,3,1,
8371,3,0,0,0,3,0,9,2,
8372,0,3,0,0,0,0,0,1,
8378,1,2,0,0,1,0,3,1,
8380,0,1,0,0,0,0,0,1,
8388,3,5,0,1,2,0,7,2,
8390,0,1,0,0,0,0,0,1,
8399,1,0,0,0,1,0,3,1,
8401,0,3,0,0,0,0,0,1,
8406,1,0,0,0,0,1,3,1,
8407,1,1,0,0,1,0,3,1,
8409,1,0,0,0,1,0,3,1,
8412,0,3,0,0,0,0,0,1,
8413,2,0,0,0,2,0,6,2,
8415,1,2,0,0,1,0,3,1,
8418,1,0,0,1,0,0,1,1,
8419,0,1,0,0,0,0,0,1,
8420,0,1,0,0,0,0,0,1,
8421,0,2,0,0,0,0,0,1,
8422,1,1,0,0,1,0,3,1,
8427,0,1,0,0,0,0,0,1,
8428,1,0,0,0,1,0,3,1,
8430,1,0,0,0,1,0,3,1,
8439,0,1,0,0,0,0,0,1,
8440,0,1,0,0,0,0,0,1,
8444,4,2,1,0,3,1,12,3,
8446,0,1,0,0,0,0,0,1,
8449,0,2,0,0,0,0,0,1,
8452,0,1,0,0,0,0,0,1,
8454,1,1,0,0,1,0,3,1,
8456,2,1,0,1,1,0,4,1,
8459,1,0,0,0,1,0,3,1,
8460,0,1,0,0,0,0,0,1,
8462,0,1,0,0,0,0,0,1,
8465,0,3,0,0,0,0,0,1,
8466,0,1,0,0,0,0,0,1,
8468,2,1,0,0,2,0,6,2,
8478,2,2,0,1,1,0,4,1,
8483,0,2,0,0,0,0,0,1,
8490,0,1,0,0,0,0,0,1,
8491,2,8,0,0,2,0,6,2,
8492,0,1,0,0,0,0,0,1,
8495,2,0,0,0,2,0,6,2,
8496,1,0,0,0,1,0,3,1,
8505,2,0,0,1,1,0,4,1,
8509,3,0,0,2,1,0,5,1,
8514,0,1,0,0,0,0,0,1,
8515,0,1,0,0,0,0,0,1,
8517,1,0,0,1,0,0,1,1,
8523,1,0,0,1,0,0,1,1,
8530,0,1,0,0,0,0,0,1,
8532,1,10,0,1,0,0,1,1,
8536,0,1,0,0,0,0,0,1,
8539,1,1,0,0,1,0,3,1,
8540,0,2,0,0,0,0,0,1,
8541,1,0,0,0,1,0,3,1,
8544,1,0,0,0,1,0,3,1,
8551,1,0,0,0,1,0,3,1,
8555,3,8,0,0,3,0,9,2,
8558,0,1,0,0,0,0,0,1,
8560,2,0,0,1,1,0,4,1,
8562,1,1,0,1,0,0,1,1,
8573,1,0,0,0,1,0,3,1,
8575,7,6,0,1,5,1,19,3,
8583,3,4,0,1,2,0,7,2,
8584,1,0,0,0,1,0,3,1,
8587,0,1,0,0,0,0,0,1,
8588,1,0,0,0,0,1,3,1,
8592,1,0,0,0,1,0,3,1,
8594,2,4,0,0,2,0,6,2,
8595,3,14,0,0,3,0,9,2,
8599,0,1,0,0,0,0,0,1,
8603,0,1,0,0,0,0,0,1,
8605,0,1,0,0,0,0,0,1,
8606,4,2,0,0,4,0,12,3,
8609,4,0,0,1,3,0,10,2,
8611,2,1,0,1,1,0,4,1,
8623,2,3,0,1,1,0,4,1,
8624,1,0,0,0,0,1,3,1,
8625,4,1,0,1,2,1,10,2,
8627,1,1,0,0,1,0,3,1,
8633,0,1,0,0,0,0,0,1,
8634,3,5,0,1,2,0,7,2,
8644,1,1,0,0,1,0,3,1,
8649,1,0,0,0,1,0,3,1,
8652,0,1,0,0,0,0,0,1,
8653,0,1,0,0,0,0,0,1,
8654,1,0,0,0,1,0,3,1,
8660,0,1,0,0,0,0,0,1,
8666,0,1,0,0,0,0,0,1,
8668,1,0,0,0,1,0,3,1,
8671,1,0,0,0,1,0,3,1,
8680,2,3,0,1,1,0,4,1,
8681,1,1,0,0,1,0,3,1,
8682,1,0,0,0,1,0,3,1,
8683,0,2,0,0,0,0,0,1,
8693,1,0,0,0,0,1,3,1,
8694,0,1,0,0,0,0,0,1,
8698,0,1,0,0,0,0,0,1,
8701,0,7,0,0,0,0,0,1,
8702,1,1,0,0,1,0,3,1,
8703,4,4,0,1,2,1,10,2,
8710,0,1,0,0,0,0,0,1,
8711,1,0,0,1,0,0,1,1,
8714,2,1,0,0,2,0,6,2,
8715,0,2,0,0,0,0,0,1,
8722,0,1,0,0,0,0,0,1,
8723,4,2,0,1,3,0,10,2,
8725,1,0,0,0,1,0,3,1,
8730,1,0,0,0,1,0,3,1,
8739,0,2,0,0,0,0,0,1,
8745,1,0,0,0,1,0,3,1,
8746,1,0,0,0,1,0,3,1,
8748,1,1,0,0,1,0,3,1,
8750,0,1,0,0,0,0,0,1,
8754,0,1,0,0,0,0,0,1,
8761,0,1,0,0,0,0,0,1,
8763,0,1,0,0,0,0,0,1,
8764,0,1,0,0,0,0,0,1,
8775,0,1,0,0,0,0,0,1,
8778,1,0,0,0,1,0,3,1,
8780,1,0,0,0,1,0,3,1,
8784,3,1,0,1,2,0,7,2,
8787,0,1,0,0,0,0,0,1,
8788,1,0,0,0,1,0,3,1,
8790,7,1,0,1,5,1,19,3,
8791,0,1,0,0,0,0,0,1,
8792,1,1,0,1,0,0,1,1,
8797,0,3,0,0,0,0,0,1,
8798,1,0,0,0,1,0,3,1,
8800,0,2,0,0,0,0,0,1,
8801,1,0,0,1,0,0,1,1,
8802,1,0,0,0,1,0,3,1,
8808,1,0,0,0,1,0,3,1,
8815,0,1,0,0,0,0,0,1,
8816,0,1,0,0,0,0,0,1,
8819,0,1,0,0,0,0,0,1,
8822,0,2,0,0,0,0,0,1,
8825,1,0,0,1,0,0,1,1,
8835,1,1,0,0,1,0,3,1,
8837,1,2,0,1,0,0,1,1,
8839,3,1,0,0,2,1,9,2,
8841,1,1,0,0,1,0,3,1,
8843,2,1,0,1,0,1,4,1,
8844,0,1,0,0,0,0,0,1,
8848,1,0,0,1,0,0,1,1,
8853,1,0,0,0,1,0,3,1,
8857,0,1,0,0,0,0,0,1,
8858,3,1,0,0,3,0,9,2,
8859,2,3,0,1,1,0,4,1,
8867,0,1,0,0,0,0,0,1,
8870,3,2,0,1,2,0,7,2,
8871,0,2,0,0,0,0,0,1,
8875,0,1,0,0,0,0,0,1,
8877,4,3,1,1,3,0,10,2,
8880,2,0,0,0,2,0,6,2,
8883,2,0,0,0,1,1,6,2,
8884,1,1,0,1,0,0,1,1,
8885,2,2,0,0,2,0,6,2,
8886,2,2,0,1,1,0,4,1,
8887,1,0,0,0,0,1,3,1,
8888,0,1,0,0,0,0,0,1,
8891,1,1,0,1,0,0,1,1,
8895,0,1,0,0,0,0,0,1,
8906,1,0,0,0,1,0,3,1,
8913,0,2,0,0,0,0,0,1,
8914,1,2,0,0,1,0,3,1,
8915,0,1,0,0,0,0,0,1,
8917,0,1,0,0,0,0,0,1,
8919,2,1,0,0,2,0,6,2,
8920,0,1,0,0,0,0,0,1,
8921,4,5,0,1,2,1,10,2,
8922,1,0,0,1,0,0,1,1,
8927,4,2,0,0,2,2,12,3,
8930,1,0,0,0,1,0,3,1,
8931,6,8,0,2,4,0,14,3,
8934,1,2,0,0,1,0,3,1,
8935,0,2,0,0,0,0,0,1,
8936,1,0,0,0,1,0,3,1,
8937,1,1,0,0,1,0,3,1,
8942,1,1,0,1,0,0,1,1,
8947,3,0,0,0,1,2,9,2,
8950,1,1,0,0,0,1,3,1,
8959,0,1,0,0,0,0,0,1,
8961,0,1,0,0,0,0,0,1,
8966,0,1,0,0,0,0,0,1,
8972,0,1,0,0,0,0,0,1,
8973,0,1,0,0,0,0,0,1,
8974,1,1,0,0,0,1,3,1,
8978,3,2,0,0,2,1,9,2,
8980,0,1,0,0,0,0,0,1,
8985,0,2,0,0,0,0,0,1,
8987,1,0,0,1,0,0,1,1,
8989,0,1,0,0,0,0,0,1,
8990,0,1,0,0,0,0,0,1,
8992,3,0,0,2,1,0,5,1,
8993,1,0,0,0,1,0,3,1,
8995,1,1,0,0,1,0,3,1,
8997,1,1,0,0,1,0,3,1,
9000,4,1,0,0,4,0,12,3,
9003,0,1,0,0,0,0,0,1,
9004,1,0,0,1,0,0,1,1,
9005,0,1,0,0,0,0,0,1,
9006,1,0,0,0,1,0,3,1,
9009,0,1,0,0,0,0,0,1,
9010,0,1,0,0,0,0,0,1,
9011,0,1,0,0,0,0,0,1,
9013,0,1,0,0,0,0,0,1,
9014,1,0,0,0,1,0,3,1,
9017,0,1,0,0,0,0,0,1,
9018,0,1,0,0,0,0,0,1,
9019,1,0,0,0,1,0,3,1,
9029,1,0,0,0,0,1,3,1,
9034,2,1,0,1,1,0,4,1,
9041,2,0,0,0,2,0,6,2,
9044,0,1,0,0,0,0,0,1,
9051,3,1,0,1,2,0,7,2,
9053,1,0,0,0,1,0,3,1,
9054,0,2,0,0,0,0,0,1,
9058,0,1,0,0,0,0,0,1,
9060,0,1,0,0,0,0,0,1,
9065,1,0,0,1,0,0,1,1,
9068,0,1,0,0,0,0,0,1,
9081,0,1,0,0,0,0,0,1,
9084,1,0,0,0,1,0,3,1,
9091,1,0,0,1,0,0,1,1,
9092,0,1,0,0,0,0,0,1,
9096,0,1,0,0,0,0,0,1,
9103,0,1,0,0,0,0,0,1,
9107,1,1,0,0,1,0,3,1,
9109,0,1,0,0,0,0,0,1,
9111,0,1,0,0,0,0,0,1,
9116,0,1,0,0,0,0,0,1,
9117,0,1,0,0,0,0,0,1,
9120,0,1,0,0,0,0,0,1,
9130,1,2,0,1,0,0,1,1,
9131,0,1,0,0,0,0,0,1,
9134,1,1,0,0,1,0,3,1,
9135,0,1,0,0,0,0,0,1,
9137,3,2,0,1,2,0,7,2,
9140,1,0,0,0,0,1,3,1,
9146,1,0,0,0,1,0,3,1,
9155,0,1,0,0,0,0,0,1,
9157,1,0,0,0,1,0,3,1,
9159,0,2,0,0,0,0,0,1,
9162,0,1,0,0,0,0,0,1,
9169,1,1,0,0,1,0,3,1,
9171,0,1,0,0,0,0,0,1,
9172,0,2,0,0,0,0,0,1,
9177,1,0,0,0,1,0,3,1,
9179,1,4,0,1,0,0,1,1,
9187,3,2,0,1,2,0,7,2,
9189,0,1,0,0,0,0,0,1,
9190,1,3,0,0,1,0,3,1,
9196,5,3,0,0,5,0,15,3,
9208,0,3,0,0,0,0,0,1,
9214,1,0,0,0,1,0,3,1,
9220,1,0,0,1,0,0,1,1,
9223,1,1,0,1,0,0,1,1,
9229,0,1,0,0,0,0,0,1,
9230,3,1,0,3,0,0,3,1,
9233,0,1,0,0,0,0,0,1,
9234,0,1,0,0,0,0,0,1,
9240,1,0,0,0,1,0,3,1,
9241,0,1,0,0,0,0,0,1,
9245,0,1,0,0,0,0,0,1,
9249,1,0,0,0,1,0,3,1,
9250,0,3,0,0,0,0,0,1,
9253,1,0,0,0,1,0,3,1,
9255,1,0,0,0,1,0,3,1,
9257,0,1,0,0,0,0,0,1,
9258,0,1,0,0,0,0,0,1,
9262,0,1,0,0,0,0,0,1,
9267,0,1,0,0,0,0,0,1,
9270,1,1,0,1,0,0,1,1,
9274,0,1,0,0,0,0,0,1,
9275,0,2,0,0,0,0,0,1,
9280,1,1,0,0,1,0,3,1,
9282,1,3,0,0,1,0,3,1,
9284,0,1,0,0,0,0,0,1,
9303,1,0,0,0,1,0,3,1,
9305,1,1,1,0,1,0,3,1,
9323,1,1,0,1,0,0,1,1,
9336,0,3,0,0,0,0,0,1,
9344,0,1,0,0,0,0,0,1,
9348,1,0,0,0,1,0,3,1,
9350,0,2,0,0,0,0,0,1,
9357,0,1,0,0,0,0,0,1,
9358,0,1,0,0,0,0,0,1,
9361,0,1,0,0,0,0,0,1,
9364,1,0,0,0,1,0,3,1,
9368,0,2,0,0,0,0,0,1,
9380,1,3,0,1,0,0,1,1,
9381,1,1,0,0,0,1,3,1,
9385,1,0,0,0,1,0,3,1,
9387,2,7,0,0,2,0,6,2,
9388,1,2,0,0,1,0,3,1,
9390,1,0,0,1,0,0,1,1,
9391,0,1,0,0,0,0,0,1,
9392,0,1,0,0,0,0,0,1,
9393,0,1,0,0,0,0,0,1,
9397,0,1,0,0,0,0,0,1,
9398,0,3,0,0,0,0,0,1,
9400,0,2,0,0,0,0,0,1,
9401,1,2,0,0,1,0,3,1,
9402,0,2,0,0,0,0,0,1,
9405,1,2,0,0,1,0,3,1,
9407,1,0,0,0,1,0,3,1,
9408,1,0,0,0,1,0,3,1,
9412,0,1,0,0,0,0,0,1,
9417,0,1,0,0,0,0,0,1,
9423,2,1,0,1,1,0,4,1,
9432,2,1,0,0,1,1,6,2,
9433,1,0,0,1,0,0,1,1,
9436,0,2,0,0,0,0,0,1,
9438,0,1,0,0,0,0,0,1,
9440,0,1,1,0,0,0,0,1,
9446,0,1,0,0,0,0,0,1,
9449,0,1,0,0,0,0,0,1,
9450,0,1,0,0,0,0,0,1,
9452,0,1,0,0,0,0,0,1,
9453,2,1,0,0,2,0,6,2,
9459,0,1,0,0,0,0,0,1,
9461,0,1,0,0,0,0,0,1,
9465,3,1,0,0,3,0,9,2,
9466,2,0,0,1,1,0,4,1,
9469,9,5,0,2,7,0,23,3,
9471,6,1,0,2,4,0,14,3,
9473,2,0,0,0,2,0,6,2,
9475,1,1,0,0,1,0,3,1,
9484,2,0,0,1,1,0,4,1,
9488,3,0,0,1,2,0,7,2,
9489,0,1,0,0,0,0,0,1,
9497,0,1,0,0,0,0,0,1,
9498,1,0,0,0,1,0,3,1,
9499,1,0,0,0,0,1,3,1,
9504,0,3,0,0,0,0,0,1,
9506,0,1,0,0,0,0,0,1,
9507,0,1,0,0,0,0,0,1,
9508,0,1,0,0,0,0,0,1,
9510,1,0,0,1,0,0,1,1,
9520,0,3,0,0,0,0,0,1,
9521,0,1,0,0,0,0,0,1,
9523,0,1,0,0,0,0,0,1,
9528,0,1,0,0,0,0,0,1,
9529,7,13,0,0,6,1,21,3,
9531,1,0,0,0,1,0,3,1,
9533,1,0,0,0,0,1,3,1,
9535,3,4,0,0,2,1,9,2,
9536,0,1,0,0,0,0,0,1,
9543,5,2,0,0,4,1,15,3,
9546,1,2,0,0,1,0,3,1,
9549,4,3,0,0,4,0,12,3,
9552,1,0,0,0,1,0,3,1,
9563,0,1,0,0,0,0,0,1,
9564,4,2,0,0,4,0,12,3,
9566,0,1,0,0,0,0,0,1,
9568,3,0,0,0,3,0,9,2,
9570,1,0,0,1,0,0,1,1,
9578,1,0,0,0,1,0,3,1,
9586,0,1,0,0,0,0,0,1,
9589,1,0,0,1,0,0,1,1,
9593,2,0,0,0,2,0,6,2,
9595,4,2,0,0,4,0,12,3,
9598,0,1,0,0,0,0,0,1,
9601,0,1,0,0,0,0,0,1,
9604,1,0,0,0,1,0,3,1,
9607,4,5,0,1,3,0,10,2,
9610,1,0,0,0,1,0,3,1,
9613,1,0,0,0,1,0,3,1,
9615,2,1,1,0,2,0,6,2,
9617,3,4,0,3,0,0,3,1,
9628,0,1,0,0,0,0,0,1,
9629,0,2,0,0,0,0,0,1,
9647,0,1,0,0,0,0,0,1,
9650,1,0,0,1,0,0,1,1,
9655,0,1,0,0,0,0,0,1,
9659,0,1,0,0,0,0,0,1,
9660,0,1,0,0,0,0,0,1,
9661,0,2,0,0,0,0,0,1,
9662,0,1,0,0,0,0,0,1,
9665,0,1,0,0,0,0,0,1,
9668,0,2,0,0,0,0,0,1,
9670,1,0,0,1,0,0,1,1,
9673,1,0,0,0,1,0,3,1,
9678,1,0,0,0,1,0,3,1,
9680,0,1,0,0,0,0,0,1,
9681,0,1,0,0,0,0,0,1,
9684,0,1,0,0,0,0,0,1,
9686,2,0,0,0,2,0,6,2,
9687,0,1,0,0,0,0,0,1,
9689,1,0,0,0,1,0,3,1,
9694,0,1,0,0,0,0,0,1,
9699,1,2,0,0,1,0,3,1,
9702,2,2,0,1,1,0,4,1,
9706,1,0,0,0,1,0,3,1,
9707,2,1,0,1,1,0,4,1,
9712,1,0,0,0,1,0,3,1,
9713,0,1,0,0,0,0,0,1,
9714,0,1,0,0,0,0,0,1,
9721,1,0,0,0,1,0,3,1,
9722,4,0,0,0,4,0,12,3,
9726,5,4,0,0,5,0,15,3,
9728,1,1,0,0,0,1,3,1,
9732,1,1,0,0,1,0,3,1,
9733,1,0,0,0,1,0,3,1,
9738,2,2,0,0,1,1,6,2,
9739,1,1,0,0,1,0,3,1,
9742,1,0,0,0,1,0,3,1,
9745,0,1,0,0,0,0,0,1,
9751,1,0,0,1,0,0,1,1,
9752,1,5,0,0,1,0,3,1,
9754,1,1,0,0,1,0,3,1,
9756,0,1,0,0,0,0,0,1,
9762,0,1,0,0,0,0,0,1,
9763,1,0,0,1,0,0,1,1,
9764,1,3,0,0,1,0,3,1,
9767,0,3,0,0,0,0,0,1,
9769,0,1,0,0,0,0,0,1,
9774,0,1,0,0,0,0,0,1,
9775,0,2,0,0,0,0,0,1,
9777,0,2,0,0,0,0,0,1,
9780,0,5,0,0,0,0,0,1,
9792,0,1,0,0,0,0,0,1,
9800,1,0,0,0,1,0,3,1,
9802,1,8,0,0,1,0,3,1,
9804,0,1,0,0,0,0,0,1,
9805,1,0,0,0,1,0,3,1,
9810,0,2,0,0,0,0,0,1,
9811,1,0,0,1,0,0,1,1,
9814,1,0,0,1,0,0,1,1,
9816,0,1,0,0,0,0,0,1,
9819,1,1,0,1,0,0,1,1,
9824,0,1,0,0,0,0,0,1,
9826,2,3,0,0,2,0,6,2,
9835,0,2,0,0,0,0,0,1,
9843,2,0,0,0,2,0,6,2,
9851,0,2,0,0,0,0,0,1,
9853,0,1,0,0,0,0,0,1,
9861,0,1,0,0,0,0,0,1,
9868,0,1,0,0,0,0,0,1,
9871,1,1,0,0,1,0,3,1,
9876,0,1,0,0,0,0,0,1,
9881,0,1,0,0,0,0,0,1,
9883,0,1,0,0,0,0,0,1,
9889,1,0,0,0,1,0,3,1,
9893,1,0,0,1,0,0,1,1,
9896,2,3,0,0,2,0,6,2,
9897,0,1,0,0,0,0,0,1,
9903,1,0,0,0,1,0,3,1,
9907,1,0,0,0,1,0,3,1,
9908,0,1,0,0,0,0,0,1,
9916,1,0,0,0,1,0,3,1,
9917,3,1,0,1,1,1,7,2,
9920,0,2,0,0,0,0,0,1,
9922,1,2,0,1,0,0,1,1,
9923,2,1,0,0,2,0,6,2,
9924,1,1,0,0,1,0,3,1,
9929,0,2,0,0,0,0,0,1,
9930,0,1,0,0,0,0,0,1,
9935,4,3,0,2,2,0,8,2,
9937,0,1,0,0,0,0,0,1,
9940,0,1,0,0,0,0,0,1,
9943,0,1,0,0,0,0,0,1,
9944,0,1,0,0,0,0,0,1,
9947,0,4,0,0,0,0,0,1,
9950,1,0,0,0,1,0,3,1,
9951,1,0,0,0,1,0,3,1,
9952,1,0,0,0,1,0,3,1,
9954,1,2,0,1,0,0,1,1,
9962,0,1,0,0,0,0,0,1,
9966,0,2,0,0,0,0,0,1,
9967,0,1,0,0,0,0,0,1,
9968,1,1,0,0,1,0,3,1,
9969,0,1,0,0,0,0,0,1,
9971,0,1,0,0,0,0,0,1,
9972,0,2,0,0,0,0,0,1,
9973,0,1,0,0,0,0,0,1,
9980,0,1,0,0,0,0,0,1,
9984,3,0,0,0,3,0,9,2,
9986,0,1,0,0,0,0,0,1,
9987,0,1,0,0,0,0,0,1,
9992,1,3,0,0,1,0,3,1,
9994,1,0,0,0,1,0,3,1,
9998,1,0,0,0,1,0,3,1,
10001,1,0,0,0,1,0,3,1,
10008,2,0,0,0,2,0,6,2,
10010,3,5,0,0,3,0,9,2,
10014,9,5,0,2,6,1,23,3,
10015,2,0,0,0,2,0,6,2,
10022,9,0,0,2,7,0,23,3,
10024,3,0,0,1,2,0,7,2,
10032,0,1,0,0,0,0,0,1,
10038,0,3,0,0,0,0,0,1,
10039,0,3,0,0,0,0,0,1,
10043,1,0,0,0,1,0,3,1,
10049,2,0,0,0,1,1,6,2,
10054,0,1,0,0,0,0,0,1,
10066,0,1,0,0,0,0,0,1,
10068,0,1,0,0,0,0,0,1,
10072,1,0,0,0,1,0,3,1,
10076,1,0,0,0,0,1,3,1,
10078,1,1,0,0,1,0,3,1,
10080,1,1,0,0,1,0,3,1,
10081,3,6,0,1,2,0,7,2,
10085,0,1,0,0,0,0,0,1,
10089,0,1,0,0,0,0,0,1,
10091,0,1,0,0,0,0,0,1,
10095,6,3,0,1,5,0,16,3,
10097,0,1,0,0,0,0,0,1,
10098,1,1,0,1,0,0,1,1,
10111,2,1,0,0,2,0,6,2,
10117,0,1,0,0,0,0,0,1,
10119,2,0,0,0,2,0,6,2,
10129,1,0,0,0,0,1,3,1,
10130,0,1,0,0,0,0,0,1,
10131,0,1,0,0,0,0,0,1,
10136,0,2,1,0,0,0,0,1,
10139,4,2,0,1,3,0,10,2,
10140,0,1,0,0,0,0,0,1,
10142,1,5,0,0,1,0,3,1,
10145,1,0,0,0,1,0,3,1,
10147,3,0,0,0,1,2,9,2,
10148,1,0,0,0,1,0,3,1,
10150,0,4,0,0,0,0,0,1,
10152,10,11,0,2,8,0,26,3,
10154,0,1,0,0,0,0,0,1,
10156,0,1,0,0,0,0,0,1,
10159,0,2,0,0,0,0,0,1,
10161,1,0,0,0,1,0,3,1,
10163,3,0,0,2,1,0,5,1,
10166,1,0,0,0,1,0,3,1,
10168,2,2,0,1,1,0,4,1,
10169,0,1,0,0,0,0,0,1,
10171,1,2,0,0,0,1,3,1,
10172,2,0,0,0,2,0,6,2,
10175,0,1,0,0,0,0,0,1,
10178,0,1,0,0,0,0,0,1,
10179,1,0,0,0,1,0,3,1,
10182,1,0,0,0,1,0,3,1,
10183,1,1,0,1,0,0,1,1,
10185,2,1,0,1,1,0,4,1,
10187,0,1,0,0,0,0,0,1,
10190,2,3,0,1,1,0,4,1,
10191,3,0,0,2,1,0,5,1,
10193,1,0,0,0,0,1,3,1,
10202,0,2,0,0,0,0,0,1,
10208,1,1,0,0,1,0,3,1,
10209,1,2,0,0,1,0,3,1,
10226,1,1,0,0,1,0,3,1,
10230,1,2,0,0,1,0,3,1,
10231,0,1,0,0,0,0,0,1,
10237,1,1,0,0,1,0,3,1,
10240,1,0,0,0,1,0,3,1,
10248,1,1,0,1,0,0,1,1,
10254,1,1,0,0,1,0,3,1,
10257,1,0,0,0,1,0,3,1,
10258,2,1,0,0,1,1,6,2,
10261,0,1,0,0,0,0,0,1,
10268,2,3,0,0,2,0,6,2,
10270,0,1,0,0,0,0,0,1,
10273,0,2,0,0,0,0,0,1,
10275,2,1,0,1,1,0,4,1,
10276,1,0,0,0,1,0,3,1,
10279,1,3,0,1,0,0,1,1,
10281,1,0,0,1,0,0,1,1,
10289,0,3,0,0,0,0,0,1,
10290,1,1,0,0,1,0,3,1,
10299,1,0,0,0,1,0,3,1,
10305,0,1,0,0,0,0,0,1,
10307,1,0,0,0,1,0,3,1,
10312,0,3,0,0,0,0,0,1,
10316,0,1,0,0,0,0,0,1,
10320,3,2,0,1,2,0,7,2,
10322,2,1,0,0,2,0,6,2,
10325,1,1,0,1,0,0,1,1,
10337,0,1,0,0,0,0,0,1,
10341,1,0,0,0,1,0,3,1,
10342,0,1,0,0,0,0,0,1,
10344,1,3,0,0,1,0,3,1,
10353,2,1,0,1,1,0,4,1,
10354,1,3,0,0,1,0,3,1,
10355,0,1,0,0,0,0,0,1,
10362,0,1,0,0,0,0,0,1,
10365,0,1,0,0,0,0,0,1,
10368,1,1,0,0,1,0,3,1,
10369,0,4,0,0,0,0,0,1,
10373,1,0,0,0,0,1,3,1,
10375,0,2,0,0,0,0,0,1,
10378,1,1,0,1,0,0,1,1,
10387,0,1,0,0,0,0,0,1,
10388,0,1,0,0,0,0,0,1,
10396,4,1,0,0,3,1,12,3,
10397,3,2,0,0,3,0,9,2,
10402,1,5,0,0,1,0,3,1,
10408,0,1,0,0,0,0,0,1,
10409,0,1,0,0,0,0,0,1,
10411,3,1,0,0,2,1,9,2,
10414,1,2,0,0,1,0,3,1,
10417,3,1,0,2,1,0,5,1,
10423,0,1,0,0,0,0,0,1,
10428,0,1,0,0,0,0,0,1,
10429,0,2,0,0,0,0,0,1,
10431,0,1,0,0,0,0,0,1,
10433,0,1,0,0,0,0,0,1,
10435,2,2,0,0,2,0,6,2,
10446,0,1,0,0,0,0,0,1,
10452,1,1,0,0,1,0,3,1,
10454,1,0,0,0,1,0,3,1,
10458,6,2,0,1,4,1,16,3,
10462,3,1,0,0,3,0,9,2,
10468,0,1,0,0,0,0,0,1,
10478,0,1,0,0,0,0,0,1,
10485,4,3,0,2,2,0,8,2,
10495,4,3,0,0,4,0,12,3,
10496,1,0,0,0,0,1,3,1,
10503,1,0,0,0,1,0,3,1,
10511,0,1,0,0,0,0,0,1,
10516,1,0,0,0,1,0,3,1,
10517,0,1,0,0,0,0,0,1,
10520,0,1,0,0,0,0,0,1,
10528,1,0,0,0,1,0,3,1,
10530,1,0,0,0,1,0,3,1,
10531,1,0,0,0,1,0,3,1,
10534,0,2,0,0,0,0,0,1,
10535,0,3,0,0,0,0,0,1,
10538,0,2,0,0,0,0,0,1,
10548,1,0,0,0,0,1,3,1,
10560,2,1,0,0,2,0,6,2,
10565,1,2,0,0,1,0,3,1,
10569,0,4,0,0,0,0,0,1,
10571,5,0,0,0,5,0,15,3,
10572,0,1,0,0,0,0,0,1,
10578,4,2,0,1,3,0,10,2,
10579,2,1,0,1,1,0,4,1,
10588,4,2,0,0,3,1,12,3,
10589,0,1,0,0,0,0,0,1,
10591,5,4,0,1,4,0,13,3,
10595,4,1,0,0,4,0,12,3,
10600,0,1,0,0,0,0,0,1,
10602,3,0,0,1,1,1,7,2,
10603,1,1,0,1,0,0,1,1,
10604,0,1,0,0,0,0,0,1,
10607,2,1,0,1,1,0,4,1,
10608,0,1,0,0,0,0,0,1,
10624,1,0,0,0,1,0,3,1,
10628,0,1,0,0,0,0,0,1,
10630,0,2,0,0,0,0,0,1,
10631,0,1,0,0,0,0,0,1,
10634,0,1,0,0,0,0,0,1,
10636,1,0,0,0,1,0,3,1,
10657,0,2,0,0,0,0,0,1,
10663,0,2,0,0,0,0,0,1,
10667,0,1,0,0,0,0,0,1,
10669,0,1,0,0,0,0,0,1,
10674,2,0,0,0,2,0,6,2,
10686,0,1,0,0,0,0,0,1,
10691,0,2,0,0,0,0,0,1,
10695,0,1,0,0,0,0,0,1,
10697,1,0,0,0,1,0,3,1,
10698,1,0,0,1,0,0,1,1,
10701,1,1,0,1,0,0,1,1,
10720,0,1,0,0,0,0,0,1,
10722,0,1,0,0,0,0,0,1,
10724,1,2,0,1,0,0,1,1,
10727,2,3,0,1,1,0,4,1,
10728,1,0,0,0,1,0,3,1,
10729,0,1,0,0,0,0,0,1,
10730,0,3,0,0,0,0,0,1,
10739,2,3,0,0,2,0,6,2,
10744,2,0,0,2,0,0,2,1,
10752,0,2,1,0,0,0,0,1,
10756,2,0,0,0,1,1,6,2,
10761,1,2,0,0,1,0,3,1,
10764,1,0,0,0,1,0,3,1,
10766,1,0,0,0,1,0,3,1,
10772,0,1,0,0,0,0,0,1,
10773,0,1,0,0,0,0,0,1,
10777,1,1,0,0,1,0,3,1,
10788,0,1,0,0,0,0,0,1,
10792,0,1,0,0,0,0,0,1,
10793,0,1,0,0,0,0,0,1,
10794,0,1,0,0,0,0,0,1,
10796,1,0,0,0,1,0,3,1,
10803,1,0,0,0,1,0,3,1,
10807,0,1,0,0,0,0,0,1,
10810,1,2,0,0,0,1,3,1,
10812,0,1,0,0,0,0,0,1,
10817,1,2,0,0,1,0,3,1,
10821,1,1,0,1,0,0,1,1,
10824,1,0,0,0,1,0,3,1,
10825,0,1,0,0,0,0,0,1,
10826,0,1,0,0,0,0,0,1,
10829,2,0,0,0,2,0,6,2,
10837,0,1,0,0,0,0,0,1,
10840,0,1,0,0,0,0,0,1,
10842,2,4,0,1,1,0,4,1,
10849,1,1,0,0,1,0,3,1,
10856,3,2,0,0,3,0,9,2,
10858,1,2,0,1,0,0,1,1,
10864,1,0,0,1,0,0,1,1,
10867,3,2,0,1,2,0,7,2,
10877,2,1,0,1,0,1,4,1,
10879,1,2,0,0,1,0,3,1,
10889,1,0,0,0,1,0,3,1,
10896,0,1,0,0,0,0,0,1,
10897,3,3,0,2,1,0,5,1,
10902,1,0,0,0,1,0,3,1,
10906,0,3,0,0,0,0,0,1,
10908,1,1,0,1,0,0,1,1,
10909,0,2,0,0,0,0,0,1,
10913,3,2,0,1,1,1,7,2,
10916,1,0,0,1,0,0,1,1,
10920,0,1,0,0,0,0,0,1,
10921,1,0,0,0,1,0,3,1,
10922,1,0,0,0,1,0,3,1,
10929,0,3,0,0,0,0,0,1,
10930,1,9,0,0,1,0,3,1,
10931,0,2,0,0,0,0,0,1,
10936,1,0,0,0,1,0,3,1,
10944,0,1,0,0,0,0,0,1,
10945,1,0,0,0,1,0,3,1,
10948,2,3,0,1,1,0,4,1,
10954,1,3,0,0,1,0,3,1,
10955,0,1,0,0,0,0,0,1,
10959,0,1,0,0,0,0,0,1,
10960,0,1,0,0,0,0,0,1,
10961,0,1,0,0,0,0,0,1,
10963,0,1,0,0,0,0,0,1,
10969,0,1,0,0,0,0,0,1,
10971,1,0,0,0,1,0,3,1,
10973,0,4,0,0,0,0,0,1,
10974,1,0,0,0,1,0,3,1,
10975,2,0,0,2,0,0,2,1,
10983,1,0,0,0,1,0,3,1,
10985,0,2,0,0,0,0,0,1,
10990,0,2,0,0,0,0,0,1,
10994,0,1,0,0,0,0,0,1,
10995,0,1,0,0,0,0,0,1,
10998,0,1,0,0,0,0,0,1,
10999,1,0,0,0,1,0,3,1,
11000,1,1,0,1,0,0,1,1,
11002,0,1,0,0,0,0,0,1,
11007,0,2,0,0,0,0,0,1,
11011,1,0,0,0,1,0,3,1,
11015,0,1,0,0,0,0,0,1,
11017,2,7,0,1,1,0,4,1,
11019,0,1,0,0,0,0,0,1,
11020,0,1,0,0,0,0,0,1,
11024,0,1,0,0,0,0,0,1,
11026,1,0,0,0,1,0,3,1,
11031,0,1,0,0,0,0,0,1,
11033,1,0,0,0,1,0,3,1,
11042,0,1,0,0,0,0,0,1,
11050,0,1,0,0,0,0,0,1,
11060,0,1,0,0,0,0,0,1,
11066,1,4,0,0,1,0,3,1,
11067,0,2,0,0,0,0,0,1,
11068,0,2,0,0,0,0,0,1,
11072,0,1,0,0,0,0,0,1,
11075,2,5,0,0,1,1,6,2,
11076,0,1,0,0,0,0,0,1,
11081,0,1,0,0,0,0,0,1,
11085,0,4,0,0,0,0,0,1,
11091,1,0,0,0,1,0,3,1,
11093,0,2,0,0,0,0,0,1,
11105,0,1,0,0,0,0,0,1,
11109,5,1,0,1,4,0,13,3,
11113,0,1,0,0,0,0,0,1,
11117,4,0,0,1,2,1,10,2,
11119,4,3,0,2,2,0,8,2,
11120,1,0,0,0,1,0,3,1,
11124,0,1,0,0,0,0,0,1,
11128,0,1,1,0,0,0,0,1,
11132,0,1,0,0,0,0,0,1,
11134,3,0,0,1,1,1,7,2,
11144,0,1,0,0,0,0,0,1,
11146,2,0,0,0,2,0,6,2,
11151,0,1,0,0,0,0,0,1,
11164,0,1,0,0,0,0,0,1,
11166,0,2,0,0,0,0,0,1,
11167,2,1,0,1,1,0,4,1,
11177,0,1,0,0,0,0,0,1,
11178,0,1,0,0,0,0,0,1,
11180,2,0,0,0,2,0,6,2,
11184,1,0,0,1,0,0,1,1,
11185,0,1,0,0,0,0,0,1,
11186,2,0,0,0,2,0,6,2,
11188,4,4,0,2,2,0,8,2,
11189,1,1,0,0,1,0,3,1,
11194,0,1,0,0,0,0,0,1,
11200,0,1,0,0,0,0,0,1,
11205,1,0,0,0,1,0,3,1,
11213,1,2,0,0,1,0,3,1,
11214,1,0,0,0,0,1,3,1,
11220,0,3,0,0,0,0,0,1,
11221,0,2,1,0,0,0,0,1,
11222,1,0,0,0,1,0,3,1,
11224,0,2,0,0,0,0,0,1,
11230,0,1,0,0,0,0,0,1,
11236,1,3,0,0,1,0,3,1,
11244,1,0,0,0,1,0,3,1,
11246,1,1,0,1,0,0,1,1,
11249,0,3,0,0,0,0,0,1,
11253,1,0,0,0,1,0,3,1,
11255,1,0,0,0,1,0,3,1,
11256,0,1,0,0,0,0,0,1,
11257,1,0,0,1,0,0,1,1,
11263,1,0,0,1,0,0,1,1,
11269,0,2,0,0,0,0,0,1,
11271,0,1,0,0,0,0,0,1,
11272,1,1,0,0,1,0,3,1,
11274,1,0,0,1,0,0,1,1,
11277,1,3,0,0,1,0,3,1,
11280,0,1,0,0,0,0,0,1,
11282,4,6,0,0,4,0,12,3,
11291,0,1,0,0,0,0,0,1,
11294,1,1,0,0,1,0,3,1,
11295,0,4,0,0,0,0,0,1,
11299,0,1,0,0,0,0,0,1,
11300,0,2,0,0,0,0,0,1,
11301,1,0,0,0,1,0,3,1,
11313,2,3,0,0,2,0,6,2,
11315,4,2,0,0,4,0,12,3,
11316,4,0,0,0,4,0,12,3,
11321,1,0,0,0,1,0,3,1,
11322,1,1,0,0,1,0,3,1,
11323,1,2,0,0,1,0,3,1,
11331,0,1,0,0,0,0,0,1,
11332,3,2,0,1,2,0,7,2,
11334,0,2,0,0,0,0,0,1,
11337,0,1,0,0,0,0,0,1,
11343,0,1,0,0,0,0,0,1,
11346,1,0,0,1,0,0,1,1,
11347,1,3,0,0,1,0,3,1,
11349,1,1,0,0,1,0,3,1,
11350,0,2,0,0,0,0,0,1,
11351,0,1,0,0,0,0,0,1,
11353,0,2,0,0,0,0,0,1,
11356,1,1,0,0,1,0,3,1,
11357,1,1,0,1,0,0,1,1,
11358,1,2,0,0,1,0,3,1,
11361,0,1,0,0,0,0,0,1,
11363,0,1,0,0,0,0,0,1,
11365,1,2,0,0,1,0,3,1,
11369,1,0,0,0,1,0,3,1,
11371,2,7,0,1,1,0,4,1,
11374,0,1,0,0,0,0,0,1,
11378,0,2,0,0,0,0,0,1,
11379,0,2,0,0,0,0,0,1,
11380,1,2,0,0,0,1,3,1,
11382,0,1,0,0,0,0,0,1,
11383,0,1,0,0,0,0,0,1,
11385,3,1,0,0,3,0,9,2,
11386,2,2,0,0,2,0,6,2,
11387,4,0,0,0,4,0,12,3,
11390,0,1,0,0,0,0,0,1,
11398,1,0,0,0,1,0,3,1,
11399,9,6,0,2,7,0,23,3,
11403,2,5,0,1,1,0,4,1,
11407,1,5,0,0,1,0,3,1,
11410,1,0,0,0,1,0,3,1,
11413,2,2,0,0,1,1,6,2,
11414,1,1,0,0,1,0,3,1,
11417,1,0,0,0,1,0,3,1,
11427,1,0,0,0,1,0,3,1,
11433,1,0,0,0,1,0,3,1,
11436,3,6,0,1,0,2,7,2,
11443,1,0,0,0,1,0,3,1,
11447,1,0,0,0,1,0,3,1,
11450,7,4,0,1,6,0,19,3,
11457,0,3,0,0,0,0,0,1,
11459,2,0,0,0,2,0,6,2,
11463,2,3,0,0,1,1,6,2,
11466,1,1,0,0,1,0,3,1,
11468,0,1,0,0,0,0,0,1,
11469,1,2,0,0,0,1,3,1,
11470,1,1,0,0,1,0,3,1,
11471,0,1,0,0,0,0,0,1,
11473,0,1,0,0,0,0,0,1,
11475,4,4,0,0,4,0,12,3,
11480,0,1,0,0,0,0,0,1,
11486,0,1,0,0,0,0,0,1,
11489,0,1,0,0,0,0,0,1,
11490,2,0,0,0,2,0,6,2,
11491,0,1,0,0,0,0,0,1,
11492,0,1,0,0,0,0,0,1,
11493,0,1,0,0,0,0,0,1,
11495,2,3,0,0,2,0,6,2,
11497,3,3,0,1,2,0,7,2,
11498,0,1,1,0,0,0,0,1,
11500,1,0,0,1,0,0,1,1,
11502,0,4,0,0,0,0,0,1,
11508,1,0,0,1,0,0,1,1,
11512,1,1,0,0,1,0,3,1,
11513,1,2,0,0,1,0,3,1,
11515,1,0,0,0,1,0,3,1,
11519,0,1,0,0,0,0,0,1,
11533,2,0,0,1,1,0,4,1,
11537,0,1,0,0,0,0,0,1,
11540,0,1,0,0,0,0,0,1,
11542,0,2,0,0,0,0,0,1,
11543,2,1,0,0,2,0,6,2,
11546,1,0,0,0,0,1,3,1,
11548,0,2,0,0,0,0,0,1,
11549,2,3,0,0,2,0,6,2,
11555,0,1,0,0,0,0,0,1,
11565,1,0,0,1,0,0,1,1,
11573,0,1,0,0,0,0,0,1,
11579,0,2,0,0,0,0,0,1,
11587,1,0,0,0,1,0,3,1,
11588,0,1,0,0,0,0,0,1,
11590,0,1,0,0,0,0,0,1,
11592,2,0,0,0,2,0,6,2,
11593,0,1,0,0,0,0,0,1,
11594,0,2,0,0,0,0,0,1,
11600,0,1,0,0,0,0,0,1,
11604,1,0,0,0,1,0,3,1,
11607,0,1,0,0,0,0,0,1,
11610,1,0,0,0,0,1,3,1,
11612,1,0,0,0,1,0,3,1,
11616,3,3,0,0,3,0,9,2,
11617,1,1,0,0,1,0,3,1,
11618,0,1,0,0,0,0,0,1,
11620,1,2,0,0,1,0,3,1,
11622,2,7,0,0,2,0,6,2,
11631,2,0,0,0,2,0,6,2,
11633,1,2,0,0,1,0,3,1,
11638,0,1,0,0,0,0,0,1,
11642,0,3,0,0,0,0,0,1,
11646,0,4,0,0,0,0,0,1,
11657,0,1,0,0,0,0,0,1,
11662,0,1,0,0,0,0,0,1,
11665,0,2,0,0,0,0,0,1,
11667,0,1,0,0,0,0,0,1,
11669,3,2,0,1,2,0,7,2,
11670,0,4,0,0,0,0,0,1,
11671,0,1,0,0,0,0,0,1,
11676,4,1,0,0,4,0,12,3,
11681,0,1,0,0,0,0,0,1,
11682,0,1,0,0,0,0,0,1,
11683,1,0,0,0,0,1,3,1,
11684,0,1,0,0,0,0,0,1,
11686,1,0,0,1,0,0,1,1,
11688,0,1,0,0,0,0,0,1,
11689,0,1,0,0,0,0,0,1,
11702,0,2,0,0,0,0,0,1,
11705,1,0,0,0,0,1,3,1,
11707,1,1,0,0,1,0,3,1,
11709,0,1,0,0,0,0,0,1,
11710,2,0,0,0,2,0,6,2,
11714,4,1,0,1,3,0,10,2,
11716,0,1,0,0,0,0,0,1,
11726,1,1,0,1,0,0,1,1,
11728,2,0,0,1,1,0,4,1,
11729,1,0,0,1,0,0,1,1,
11739,0,1,0,0,0,0,0,1,
11741,1,2,0,0,1,0,3,1,
11747,1,1,0,1,0,0,1,1,
11749,1,1,0,0,1,0,3,1,
11750,1,3,0,0,0,1,3,1,
11751,2,2,0,0,2,0,6,2,
11760,0,1,0,0,0,0,0,1,
11764,0,1,0,0,0,0,0,1,
11766,1,1,0,1,0,0,1,1,
11768,1,0,0,0,1,0,3,1,
11775,0,2,0,0,0,0,0,1,
11783,0,1,0,0,0,0,0,1,
11790,2,1,0,1,1,0,4,1,
11794,1,3,0,0,1,0,3,1,
11796,0,1,0,0,0,0,0,1,
11801,3,1,0,0,2,1,9,2,
11805,1,1,0,1,0,0,1,1,
11807,0,1,0,0,0,0,0,1,
11810,0,1,0,0,0,0,0,1,
11818,0,1,0,0,0,0,0,1,
11819,3,1,0,0,2,1,9,2,
11821,0,2,0,0,0,0,0,1,
11828,2,4,0,0,2,0,6,2,
11829,1,1,0,0,1,0,3,1,
11838,0,2,0,0,0,0,0,1,
11841,4,3,0,1,3,0,10,2,
11842,0,1,0,0,0,0,0,1,
11846,0,1,0,0,0,0,0,1,
11847,1,1,0,0,1,0,3,1,
11849,0,1,0,0,0,0,0,1,
11858,0,1,0,0,0,0,0,1,
11863,0,1,0,0,0,0,0,1,
11871,0,1,0,0,0,0,0,1,
11872,0,1,0,0,0,0,0,1,
11875,3,2,0,0,1,2,9,2,
11877,0,1,0,0,0,0,0,1,
11879,1,2,0,0,1,0,3,1,
11886,0,2,0,0,0,0,0,1,
11887,0,2,0,0,0,0,0,1,
11888,0,1,0,0,0,0,0,1,
11889,0,2,0,0,0,0,0,1,
11891,0,1,0,0,0,0,0,1,
11893,0,2,0,0,0,0,0,1,
11897,1,1,0,1,0,0,1,1,
11900,0,1,0,0,0,0,0,1,
11907,0,1,0,0,0,0,0,1,
11908,1,0,0,0,1,0,3,1,
11914,1,0,0,0,0,1,3,1,
11922,0,1,0,0,0,0,0,1,
11924,0,2,0,0,0,0,0,1,
11929,3,0,0,0,2,1,9,2,
11931,0,1,0,0,0,0,0,1,
11932,13,16,0,4,8,1,31,3,
11934,0,1,0,0,0,0,0,1,
11937,1,0,0,0,1,0,3,1,
11938,0,2,0,0,0,0,0,1,
11940,2,0,0,1,1,0,4,1,
11942,0,1,0,0,0,0,0,1,
11943,1,0,0,0,1,0,3,1,
11946,2,0,0,1,1,0,4,1,
11948,1,0,0,1,0,0,1,1,
11949,1,1,0,1,0,0,1,1,
11957,0,1,1,0,0,0,0,1,
11959,0,1,0,0,0,0,0,1,
11963,1,1,0,0,1,0,3,1,
11965,1,0,0,0,1,0,3,1,
11968,1,0,0,0,0,1,3,1,
11973,1,0,0,0,1,0,3,1,
11976,1,1,0,1,0,0,1,1,
11978,1,0,0,0,1,0,3,1,
11987,2,0,0,1,1,0,4,1,
11988,0,1,0,0,0,0,0,1,
11989,2,0,0,1,1,0,4,1,
11991,1,3,0,0,1,0,3,1,
11994,0,1,0,0,0,0,0,1,
11996,1,7,0,0,1,0,3,1,
12000,0,1,0,0,0,0,0,1,
12001,0,2,0,0,0,0,0,1,
12006,1,0,0,0,1,0,3,1,
12007,1,0,0,0,1,0,3,1,
12011,1,1,0,0,1,0,3,1,
12014,0,2,0,0,0,0,0,1,
12016,2,1,0,0,2,0,6,2,
12024,1,2,0,0,1,0,3,1,
12025,0,3,0,0,0,0,0,1,
12026,0,1,0,0,0,0,0,1,
12028,0,1,0,0,0,0,0,1,
12035,0,4,0,0,0,0,0,1,
12039,1,0,0,0,1,0,3,1,
12041,0,1,0,0,0,0,0,1,
12046,1,1,0,0,1,0,3,1,
12057,0,1,0,0,0,0,0,1,
12059,1,0,0,1,0,0,1,1,
12061,0,1,0,0,0,0,0,1,
12067,2,3,0,0,2,0,6,2,
12070,0,2,0,0,0,0,0,1,
12075,1,0,0,1,0,0,1,1,
12077,2,3,0,1,1,0,4,1,
12080,1,1,0,0,1,0,3,1,
12082,0,1,0,0,0,0,0,1,
12086,1,0,0,0,1,0,3,1,
12087,0,1,0,0,0,0,0,1,
12093,0,1,0,0,0,0,0,1,
12095,2,0,0,0,2,0,6,2,
12097,0,1,0,0,0,0,0,1,
12099,1,0,0,0,1,0,3,1,
12107,1,0,0,0,1,0,3,1,
12110,2,2,0,0,2,0,6,2,
12117,1,4,0,0,0,1,3,1,
12119,1,2,0,0,1,0,3,1,
12125,1,0,0,0,1,0,3,1,
12131,0,1,0,0,0,0,0,1,
12132,0,1,0,0,0,0,0,1,
12139,1,1,0,0,1,0,3,1,
12141,0,1,0,0,0,0,0,1,
12143,3,5,0,0,3,0,9,2,
12146,2,0,0,0,2,0,6,2,
12148,0,1,0,0,0,0,0,1,
12152,1,0,0,0,0,1,3,1,
12158,1,3,0,0,1,0,3,1,
12159,0,1,0,0,0,0,0,1,
12160,0,1,0,0,0,0,0,1,
12162,1,0,0,1,0,0,1,1,
12167,2,11,0,0,2,0,6,2,
12168,1,0,0,0,1,0,3,1,
12170,0,3,0,0,0,0,0,1,
12172,1,1,0,0,1,0,3,1,
12175,1,2,0,0,1,0,3,1,
12179,1,0,0,0,1,0,3,1,
12183,4,1,0,0,4,0,12,3,
12193,0,1,0,0,0,0,0,1,
12199,0,1,0,0,0,0,0,1,
12203,0,1,0,0,0,0,0,1,
12205,0,1,0,0,0,0,0,1,
12206,0,1,0,0,0,0,0,1,
12208,0,1,0,0,0,0,0,1,
12210,0,1,0,0,0,0,0,1,
12213,2,1,0,1,1,0,4,1,
12215,1,0,0,0,1,0,3,1,
12226,1,1,0,0,1,0,3,1,
12227,0,2,0,0,0,0,0,1,
12233,0,1,0,0,0,0,0,1,
12241,0,1,0,0,0,0,0,1,
12244,1,0,0,1,0,0,1,1,
12245,0,8,0,0,0,0,0,1,
12248,1,1,0,0,1,0,3,1,
12251,1,2,0,1,0,0,1,1,
12254,1,0,0,0,1,0,3,1,
12258,1,2,0,0,1,0,3,1,
12262,0,1,0,0,0,0,0,1,
12265,1,0,0,0,0,1,3,1,
12268,0,1,0,0,0,0,0,1,
12269,0,1,0,0,0,0,0,1,
12273,0,1,0,0,0,0,0,1,
12274,2,1,0,0,2,0,6,2,
12285,0,1,0,0,0,0,0,1,
12289,1,6,0,1,0,0,1,1,
12291,0,2,0,0,0,0,0,1,
12299,0,2,0,0,0,0,0,1,
12306,2,4,0,0,2,0,6,2,
12314,1,0,0,0,1,0,3,1,
12315,1,0,0,0,1,0,3,1,
12319,3,0,0,0,2,1,9,2,
12326,1,0,0,0,1,0,3,1,
12328,1,1,0,0,1,0,3,1,
12335,2,0,0,0,2,0,6,2,
12336,3,3,0,0,3,0,9,2,
12337,0,1,0,0,0,0,0,1,
12343,2,10,0,1,1,0,4,1,
12348,1,0,0,1,0,0,1,1,
12352,3,2,0,0,2,1,9,2,
12353,1,0,0,1,0,0,1,1,
12361,0,1,0,0,0,0,0,1,
12372,0,1,0,0,0,0,0,1,
12373,1,3,0,0,1,0,3,1,
12379,0,8,0,0,0,0,0,1,
12392,1,0,0,0,1,0,3,1,
12394,2,0,0,2,0,0,2,1,
12399,3,6,0,1,2,0,7,2,
12400,2,0,0,0,1,1,6,2,
12403,0,1,0,0,0,0,0,1,
12415,1,0,0,1,0,0,1,1,
12429,0,1,0,0,0,0,0,1,
12430,1,2,0,0,1,0,3,1,
12432,0,1,0,0,0,0,0,1,
12434,0,1,0,0,0,0,0,1,
12441,0,2,0,0,0,0,0,1,
12445,2,0,0,0,2,0,6,2,
12453,2,0,0,0,2,0,6,2,
12455,0,2,0,0,0,0,0,1,
12456,0,1,0,0,0,0,0,1,
12461,1,0,0,0,1,0,3,1,
12462,0,1,0,0,0,0,0,1,
12469,1,0,0,0,1,0,3,1,
12470,0,1,0,0,0,0,0,1,
12476,0,1,0,0,0,0,0,1,
12479,1,1,0,1,0,0,1,1,
12486,2,0,0,0,2,0,6,2,
12488,0,1,0,0,0,0,0,1,
12493,3,5,0,1,2,0,7,2,
12504,2,0,0,0,2,0,6,2,
12506,1,0,0,0,1,0,3,1,
12507,0,2,0,0,0,0,0,1,
12509,0,2,0,0,0,0,0,1,
12512,1,3,0,0,0,1,3,1,
12516,0,1,0,0,0,0,0,1,
12519,0,1,0,0,0,0,0,1,
12525,2,0,0,1,1,0,4,1,
12529,0,1,0,0,0,0,0,1,
12531,0,1,0,0,0,0,0,1,
12535,0,1,0,0,0,0,0,1,
12541,0,1,0,0,0,0,0,1,
12542,0,1,0,0,0,0,0,1,
12544,0,1,0,0,0,0,0,1,
12547,0,1,0,0,0,0,0,1,
12549,0,2,0,0,0,0,0,1,
12551,0,1,0,0,0,0,0,1,
12561,0,1,0,0,0,0,0,1,
12563,0,1,0,0,0,0,0,1,
12565,2,0,0,1,1,0,4,1,
12569,1,2,0,0,1,0,3,1,
12572,3,2,0,0,3,0,9,2,
12576,1,1,0,0,1,0,3,1,
12586,0,1,0,0,0,0,0,1,
12593,0,1,0,0,0,0,0,1,
12594,0,1,0,0,0,0,0,1,
12600,0,1,0,0,0,0,0,1,
12601,1,4,0,0,1,0,3,1,
12604,1,0,0,1,0,0,1,1,
12612,0,1,0,0,0,0,0,1,
12615,1,3,0,1,0,0,1,1,
12616,1,0,0,0,0,1,3,1,
12619,1,0,0,0,1,0,3,1,
12624,1,0,0,0,1,0,3,1,
12630,0,1,0,0,0,0,0,1,
12631,1,1,0,0,1,0,3,1,
12636,0,1,1,0,0,0,0,1,
12641,2,0,0,0,2,0,6,2,
12643,1,1,0,0,1,0,3,1,
12645,0,1,0,0,0,0,0,1,
12648,1,0,0,0,1,0,3,1,
12650,2,0,0,1,1,0,4,1,
12652,1,1,0,0,1,0,3,1,
12655,0,1,0,0,0,0,0,1,
12657,1,0,0,0,1,0,3,1,
12659,5,3,0,2,3,0,11,3,
12663,2,3,0,0,2,0,6,2,
12671,0,2,0,0,0,0,0,1,
12674,1,0,0,0,1,0,3,1,
12679,0,2,0,0,0,0,0,1,
12692,0,2,0,0,0,0,0,1,
12701,0,1,0,0,0,0,0,1,
12703,1,0,0,1,0,0,1,1,
12709,1,0,0,0,1,0,3,1,
12712,0,1,0,0,0,0,0,1,
12718,2,0,0,0,2,0,6,2,
12729,0,3,0,0,0,0,0,1,
12731,1,0,0,0,1,0,3,1,
12732,3,3,0,0,3,0,9,2,
12738,0,2,1,0,0,0,0,1,
12744,3,0,0,1,2,0,7,2,
12754,5,2,0,1,3,1,13,3,
12758,0,1,0,0,0,0,0,1,
12764,1,3,0,0,1,0,3,1,
12771,1,0,0,0,1,0,3,1,
12781,6,6,0,0,6,0,18,3,
12787,0,1,0,0,0,0,0,1,
12788,0,1,0,0,0,0,0,1,
12791,1,4,0,0,1,0,3,1,
12792,0,1,0,0,0,0,0,1,
12803,0,1,0,0,0,0,0,1,
12804,1,0,0,0,1,0,3,1,
12809,1,1,0,0,1,0,3,1,
12812,1,0,0,0,1,0,3,1,
12815,1,2,0,1,0,0,1,1,
12818,0,1,0,0,0,0,0,1,
12819,0,3,0,0,0,0,0,1,
12823,0,1,0,0,0,0,0,1,
12827,1,0,0,0,1,0,3,1,
12828,5,4,0,2,2,1,11,3,
12835,1,0,0,1,0,0,1,1,
12836,2,0,0,1,1,0,4,1,
12840,2,3,0,1,0,1,4,1,
12847,1,0,0,0,1,0,3,1,
12848,1,0,0,0,1,0,3,1,
12858,0,1,0,0,0,0,0,1,
12860,2,2,0,1,1,0,4,1,
12863,0,1,0,0,0,0,0,1,
12869,0,4,0,0,0,0,0,1,
12871,0,1,0,0,0,0,0,1,
12872,0,1,0,0,0,0,0,1,
12873,1,0,0,1,0,0,1,1,
12874,1,0,0,0,1,0,3,1,
12876,0,1,0,0,0,0,0,1,
12878,1,0,0,1,0,0,1,1,
12879,4,0,0,0,4,0,12,3,
12882,1,0,0,0,1,0,3,1,
12883,0,1,0,0,0,0,0,1,
12896,2,0,0,0,2,0,6,2,
12903,0,1,0,0,0,0,0,1,
12904,0,1,0,0,0,0,0,1,
12906,2,1,0,1,1,0,4,1,
12909,1,0,0,0,1,0,3,1,
12910,0,1,0,0,0,0,0,1,
12913,2,1,0,0,2,0,6,2,
12918,0,2,0,0,0,0,0,1,
12922,0,1,0,0,0,0,0,1,
12926,1,3,0,1,0,0,1,1,
12931,1,0,0,0,1,0,3,1,
12932,0,1,0,0,0,0,0,1,
12933,0,1,0,0,0,0,0,1,
12941,1,0,0,1,0,0,1,1,
12950,0,1,0,0,0,0,0,1,
12951,0,2,0,0,0,0,0,1,
12955,4,4,0,0,4,0,12,3,
12956,6,6,0,3,2,1,12,3,
12959,2,0,0,2,0,0,2,1,
12964,1,0,0,0,1,0,3,1,
12965,0,1,0,0,0,0,0,1,
12968,1,0,0,0,1,0,3,1,
12974,1,1,0,0,1,0,3,1,
12978,1,0,0,0,1,0,3,1,
12980,1,0,0,0,1,0,3,1,
12982,1,1,0,1,0,0,1,1,
12987,1,0,0,0,1,0,3,1,
12993,4,1,0,0,3,1,12,3,
12995,0,1,0,0,0,0,0,1,
13000,0,6,0,0,0,0,0,1,
13002,0,2,0,0,0,0,0,1,
13008,1,0,0,1,0,0,1,1,
13011,0,1,0,0,0,0,0,1,
13013,0,2,0,0,0,0,0,1,
13014,1,0,0,0,0,1,3,1,
13015,0,1,0,0,0,0,0,1,
13016,0,2,0,0,0,0,0,1,
13018,0,1,0,0,0,0,0,1,
13028,0,1,0,0,0,0,0,1,
13029,1,0,0,1,0,0,1,1,
13036,1,0,0,1,0,0,1,1,
13045,0,3,0,0,0,0,0,1,
13047,0,2,0,0,0,0,0,1,
13052,0,1,0,0,0,0,0,1,
13058,0,1,0,0,0,0,0,1,
13062,3,1,0,1,2,0,7,2,
13064,0,1,0,0,0,0,0,1,
13065,1,0,0,0,1,0,3,1,
13066,0,2,0,0,0,0,0,1,
13071,0,1,0,0,0,0,0,1,
13077,1,0,0,0,1,0,3,1,
13081,1,0,0,0,1,0,3,1,
13085,1,0,0,0,1,0,3,1,
13092,1,0,0,0,1,0,3,1,
13097,1,0,0,1,0,0,1,1,
13099,1,0,0,0,1,0,3,1,
13103,0,1,0,0,0,0,0,1,
13106,0,1,0,0,0,0,0,1,
13108,0,1,0,0,0,0,0,1,
13124,1,1,0,0,1,0,3,1,
13126,0,1,0,0,0,0,0,1,
13135,2,3,0,0,1,1,6,2,
13136,0,1,0,0,0,0,0,1,
13141,0,1,0,0,0,0,0,1,
13142,5,4,0,3,2,0,9,2,
13147,0,2,0,0,0,0,0,1,
13152,0,1,0,0,0,0,0,1,
13154,0,1,0,0,0,0,0,1,
13156,1,0,0,0,1,0,3,1,
13157,1,1,0,0,1,0,3,1,
13158,1,0,0,0,1,0,3,1,
13162,1,1,0,0,1,0,3,1,
13164,1,1,0,0,1,0,3,1,
13166,0,1,0,0,0,0,0,1,
13168,0,1,0,0,0,0,0,1,
13172,0,1,0,0,0,0,0,1,
13181,0,2,0,0,0,0,0,1,
13183,0,4,0,0,0,0,0,1,
13185,1,0,0,0,1,0,3,1,
13188,0,1,0,0,0,0,0,1,
13189,12,11,0,3,9,0,30,3,
13191,6,7,0,4,2,0,10,2,
13194,1,1,0,0,1,0,3,1,
13201,1,3,0,0,1,0,3,1,
13205,1,2,0,0,1,0,3,1,
13207,6,6,0,0,6,0,18,3,
13212,1,0,0,0,1,0,3,1,
13215,0,1,0,0,0,0,0,1,
13216,1,3,0,0,1,0,3,1,
13217,0,1,0,0,0,0,0,1,
13218,1,1,0,1,0,0,1,1,
13231,1,1,0,0,1,0,3,1,
13234,1,0,0,0,1,0,3,1,
13240,1,4,0,1,0,0,1,1,
13243,1,1,0,1,0,0,1,1,
13248,0,1,0,0,0,0,0,1,
13262,0,1,0,0,0,0,0,1,
13267,0,1,0,0,0,0,0,1,
13269,1,2,0,1,0,0,1,1,
13270,1,0,0,0,1,0,3,1,
13271,1,2,0,0,1,0,3,1,
13280,1,0,0,0,1,0,3,1,
13281,6,1,0,1,5,0,16,3,
13285,1,0,0,0,1,0,3,1,
13290,0,2,0,0,0,0,0,1,
13291,0,1,0,0,0,0,0,1,
13305,0,2,0,0,0,0,0,1,
13346,0,1,0,0,0,0,0,1,
13384,0,2,0,0,0,0,0,1,
13433,1,0,0,1,0,0,1,1,
13492,0,3,0,0,0,0,0,1,
13494,0,2,0,0,0,0,0,1,
13496,1,0,0,0,1,0,3,1,
13499,0,1,0,0,0,0,0,1,
13501,0,1,0,0,0,0,0,1,
13506,0,1,0,0,0,0,0,1,
13508,0,2,0,0,0,0,0,1,
13517,0,1,0,0,0,0,0,1,
13530,0,2,0,0,0,0,0,1,
13539,0,1,0,0,0,0,0,1,
13546,0,1,0,0,0,0,0,1,
13551,2,0,0,0,1,1,6,2,
13560,0,2,0,0,0,0,0,1,
13561,0,2,1,0,0,0,0,1,
13581,0,1,0,0,0,0,0,1,
13583,0,1,0,0,0,0,0,1,
13587,1,2,0,1,0,0,1,1,
13588,2,5,0,0,2,0,6,2,
13599,1,0,0,0,1,0,3,1,
13635,1,0,0,0,1,0,3,1,
13636,1,0,0,0,1,0,3,1,
13641,1,0,0,1,0,0,1,1,
13642,1,0,0,1,0,0,1,1,
13643,1,0,0,0,1,0,3,1,
13673,1,1,0,0,1,0,3,1,
13683,1,3,0,0,1,0,3,1,
13690,0,1,0,0,0,0,0,1,
13699,0,1,0,0,0,0,0,1,
13806,1,0,0,0,1,0,3,1,
13807,0,2,0,0,0,0,0,1,
13831,0,1,0,0,0,0,0,1,
13874,3,0,0,1,2,0,7,2,
13875,0,1,0,0,0,0,0,1,
13955,2,2,0,0,2,0,6,2,
13972,0,1,0,0,0,0,0,1,
13974,5,1,0,0,5,0,15,3,
14102,1,1,0,1,0,0,1,1,
14104,1,0,0,1,0,0,1,1,
14134,0,3,0,0,0,0,0,1,
14151,0,2,0,0,0,0,0,1,
14162,0,3,0,0,0,0,0,1,
14177,0,1,0,0,0,0,0,1,
14178,0,1,0,0,0,0,0,1,
14180,0,1,0,0,0,0,0,1,
14187,0,2,0,0,0,0,0,1,
14194,2,1,0,0,2,0,6,2,
14200,0,2,0,0,0,0,0,1,
14203,1,0,0,0,1,0,3,1,
14208,1,3,0,0,1,0,3,1,
14227,0,1,0,0,0,0,0,1,
14366,5,2,0,2,3,0,11,3,
14368,1,0,0,0,1,0,3,1,
14391,1,0,0,1,0,0,1,1,
14392,0,1,0,0,0,0,0,1,
14398,1,0,0,1,0,0,1,1,
14404,1,2,0,0,1,0,3,1,
14406,1,0,0,0,1,0,3,1,
14430,1,0,0,1,0,0,1,1,
14500,1,1,0,1,0,0,1,1,
14507,0,1,0,0,0,0,0,1,
14519,0,1,0,0,0,0,0,1,
14520,1,2,0,0,1,0,3,1,
14572,0,1,0,0,0,0,0,1,
14593,0,1,0,0,0,0,0,1,
14631,1,0,0,0,1,0,3,1,
14655,0,1,1,0,0,0,0,1,
14658,0,2,0,0,0,0,0,1,
14659,1,1,0,0,1,0,3,1,
14660,0,2,0,0,0,0,0,1,
14661,1,0,0,1,0,0,1,1,
14693,0,4,1,0,0,0,0,1,
14707,0,3,0,0,0,0,0,1,
14745,0,1,0,0,0,0,0,1,
14746,0,1,1,0,0,0,0,1,
14747,0,3,0,0,0,0,0,1,
14786,1,1,0,0,1,0,3,1,
14858,0,3,0,0,0,0,0,1,
14859,3,0,0,1,2,0,7,2,
14865,0,1,0,0,0,0,0,1,
14866,1,1,0,0,1,0,3,1,
15280,1,0,0,0,1,0,3,1,
15302,2,4,0,0,2,0,6,2,
15303,1,0,0,0,1,0,3,1,
15360,3,13,0,0,3,0,9,2,
15396,0,1,0,0,0,0,0,1,
15397,2,5,1,1,1,0,4,1,
