OBJECTID,TRACT,GEOID,P0010001,P0010002,P0010003,P0010004,P0010005,P0010006,P0010007,P0010008,OP000001,OP000002,OP000003,OP000004,P0020002,P0020005,P0020006,P0020007,P0020008,P0020009,P0020010,OP00005,OP00006,OP00007,OP00008,P0030001,P0030003,P0030004,P0030005,P0030006,P0030007,P0030008,OP00009,OP00010,OP00011,OP00012,P0040002,P0040005,P0040006,P0040007,P0040008,P0040009,P0040010,OP000013,OP000014,OP000015,OP000016,H0010001,H0010002,H0010003,ACRES,SQ_MILES,Shape_Leng,Shape_Area,FAGI_TOTAL,FAGI_MEDIA,FAGI_TOT_1,FAGI_MED_1,FAGI_TOT_2,FAGI_MED_2,FAGI_TOT_3,FAGI_MED_3,FAGI_TOT_4,FAGI_MED_4,FAGI_TOT_5,FAGI_MED_5
1,003400,11001003400,4347,4152,576,3392,20,97,3,64,157,66,45,8,239,528,3295,8,90,3,16,143,61,40,5,3997,538,3129,15,86,3,53,140,59,40,8,200,500,3043,8,79,3,14,129,55,35,5,1347,1025,322,266.264200589999973,0.416037820000000,4800.865938637453837,1077532.996600870275870,53344073.000000000000000,39287.000000000000000,75037699.000000000000000,43117.000000000000000,59287920,38099.000000000000000,70436558.000000000000000,40413.000000000000000,79636907.000000000000000,42596.000000000000000,92096567.000000000000000,46152.000000000000000
2,003500,11001003500,3740,3594,626,2681,14,106,0,167,91,26,28,8,371,530,2620,11,106,0,7,70,24,25,7,3398,581,2444,13,104,0,131,85,26,23,8,292,508,2387,10,104,0,7,70,24,20,7,1189,964,225,94.352383209999999,0.147425600000000,2982.473558434312508,381830.550236599287018,46454657.000000000000000,30673.500000000000000,66239783.000000000000000,32859.500000000000000,55914150,30555.500000000000000,60909648.000000000000000,32885.000000000000000,78873551.000000000000000,40450.000000000000000,97549566.000000000000000,44843.000000000000000
3,003600,11001003600,4208,4048,1773,1645,13,161,0,456,58,39,44,11,809,1521,1604,8,158,0,14,49,20,41,9,3680,1691,1378,11,149,0,324,50,31,35,10,616,1473,1346,7,146,0,11,44,19,32,8,2308,1987,321,75.521647970000004,0.118002580000000,2293.465280386086306,305625.267934718285687,110621750.000000000000000,35858.000000000000000,161376203.000000000000000,42788.500000000000000,147954698,40355.000000000000000,153247476.000000000000000,40692.000000000000000,143081526.000000000000000,41616.000000000000000,178040405.000000000000000,46806.000000000000000
4,003700,11001003700,5763,5507,1915,2527,22,212,10,821,134,60,55,15,1514,1490,2405,13,206,7,16,65,34,45,7,4798,1782,1988,17,193,9,605,106,50,49,10,1125,1450,1906,9,188,6,15,55,26,41,7,2570,2401,169,72.231863099999998,0.112862290000000,2297.040643539268785,292311.980827425955795,103905996.000000000000000,32263.000000000000000,162058134.000000000000000,41387.500000000000000,126923023,35705.500000000000000,143596631.000000000000000,38248.000000000000000,140501730.000000000000000,39131.000000000000000,181651966.000000000000000,45690.500000000000000
5,003800,11001003800,4614,4419,2884,825,22,261,1,426,77,37,78,7,935,2456,796,10,257,1,26,59,27,68,3,4177,2726,729,18,240,1,313,53,35,64,6,738,2364,705,8,236,1,22,39,26,55,2,2861,2625,236,87.921651749999995,0.137377580000000,2708.295073802764364,355806.303173665073700,155960140.000000000000000,48799.000000000000000,209040361.000000000000000,54786.000000000000000,196678623,52077.000000000000000,213601983.000000000000000,54908.000000000000000,213544242.000000000000000,56380.000000000000000,235619338.000000000000000,60561.000000000000000
6,003900,11001003900,4474,4304,3285,563,21,225,4,206,88,43,59,3,553,2995,546,13,224,3,21,55,25,57,3,4225,3145,528,20,208,4,181,72,34,49,3,492,2884,511,13,207,3,17,46,24,47,3,2996,2806,190,99.080501179999999,0.154813280000000,3408.080643644377687,400964.564907711814158,155878056.000000000000000,51160.000000000000000,206237963.000000000000000,59470.000000000000000,211741280,56264.500000000000000,215163653.000000000000000,58480.000000000000000,179473697.000000000000000,58736.000000000000000,214640250.000000000000000,63630.000000000000000
7,006500,11001006500,2531,2469,2088,228,13,113,1,26,19,13,32,7,123,1999,222,11,112,1,10,17,9,31,6,2296,1913,212,11,97,1,18,11,8,25,5,102,1837,207,10,96,1,6,9,6,24,4,1543,1320,223,122.570172069999998,0.191515900000000,3386.495881359591749,496023.890978902229108,120078372.000000000000000,76911.000000000000000,138021124.000000000000000,79139.000000000000000,138113790,75279.000000000000000,153834127.000000000000000,75784.000000000000000,137875103.000000000000000,89279.000000000000000,156307500.000000000000000,92684.000000000000000
8,001500,11001001500,5911,5729,4877,643,7,145,2,55,67,34,97,8,304,4642,637,6,144,2,21,62,27,86,8,4371,3609,521,7,119,2,34,33,21,36,5,205,3444,517,6,118,2,15,31,16,30,5,2126,2081,45,1161.050946869999962,1.814142120000000,10650.327087649649911,4698606.508980236947536,505817116.000000000000000,135878.000000000000000,464768292.000000000000000,136868.000000000000000,531571394,140516.000000000000000,611814393.000000000000000,147108.000000000000000,586301676.000000000000000,158383.000000000000000,623341016.000000000000000,165589.000000000000000
9,001600,11001001600,3957,3799,997,2670,8,55,1,68,114,51,45,0,200,930,2621,4,55,0,15,104,45,37,0,3239,801,2255,6,48,1,42,59,41,19,0,136,756,2219,3,48,0,6,57,39,16,0,1685,1620,65,667.006080959999963,1.042197010000000,8627.683622023952921,2699277.858553777914494,239860892.000000000000000,88449.500000000000000,206050056.000000000000000,86508.500000000000000,241106479,84972.000000000000000,253855939.000000000000000,89084.500000000000000,280146313.000000000000000,97830.500000000000000,285179163.000000000000000,99800.500000000000000
10,001702,11001001702,2644,2519,1020,1342,6,79,1,71,94,34,29,2,212,918,1325,5,78,1,8,77,33,25,1,2273,888,1175,5,70,1,55,57,26,18,1,155,815,1162,4,69,1,6,45,25,17,1,1312,1230,82,229.815972619999997,0.359087460000000,4873.125958318270932,930032.250283735920675,85001437.000000000000000,53846.500000000000000,99172867.000000000000000,57746.000000000000000,95489279,53472.500000000000000,101908307.000000000000000,56393.000000000000000,112274193.000000000000000,59101.000000000000000,118391616.000000000000000,59590.000000000000000
11,000100,11001000100,4890,4808,4444,105,9,201,2,47,17,12,47,2,296,4202,101,8,198,2,15,16,10,43,2,4305,3924,93,8,184,2,33,11,12,30,2,257,3711,90,7,181,2,9,10,10,26,2,2999,2686,313,585.846013900000003,0.915384400000000,10028.236285226843393,2370834.717973996419460,551823378.000000000000000,89357.000000000000000,444019426.000000000000000,86101.500000000000000,563927063,88250.000000000000000,806141206.000000000000000,92634.000000000000000,856267279.000000000000000,108308.000000000000000,698565228.000000000000000,110944.500000000000000
12,000201,11001000201,3916,3736,2940,259,7,482,5,43,47,20,117,6,275,2740,249,4,480,5,7,40,16,115,6,3902,2931,259,7,478,5,43,47,20,116,6,272,2734,249,4,476,5,7,40,16,114,6,2,2,0,133.326166610000001,0.208322140000000,3249.765438143140727,539551.856818469590507,65709.000000000000000,12201.500000000000000,627662.000000000000000,23000.000000000000000,,,282896.000000000000000,21739.500000000000000,1389012.000000000000000,5087.000000000000000,1043062.000000000000000,8785.000000000000000
13,000202,11001000202,5425,5294,4705,159,5,375,3,47,33,16,76,7,343,4438,150,3,370,3,12,27,14,68,6,5061,4384,155,4,360,3,43,26,15,65,7,320,4132,146,3,355,3,10,22,14,59,6,2143,1933,210,305.039464280000004,0.476624170000000,6742.459376772281757,1234450.922434970969334,379656242.000000000000000,116867.000000000000000,244019719.000000000000000,95033.500000000000000,365051633,109460.500000000000000,390987146.000000000000000,106470.000000000000000,433631252.000000000000000,114630.000000000000000,429158437.000000000000000,115586.000000000000000
14,000300,11001000300,6233,6076,5497,139,11,352,1,76,48,20,93,9,404,5186,135,10,348,1,10,44,18,89,9,5542,4900,123,9,323,1,71,36,21,60,7,344,4644,121,8,319,1,8,32,16,59,7,2912,2754,158,252.603195809999988,0.394692500000000,4077.691319468202437,1022248.871353996684775,274689743.000000000000000,66914.500000000000000,306388942.000000000000000,58822.000000000000000,356897869,58959.500000000000000,371428724.000000000000000,61936.500000000000000,322647481.000000000000000,73252.000000000000000,358002514.000000000000000,70413.000000000000000
15,000400,11001000400,1455,1428,1247,50,2,103,0,26,9,2,15,1,123,1149,46,1,103,0,12,6,2,15,1,1218,1032,43,2,100,0,23,7,1,10,1,104,949,39,1,100,0,10,5,1,10,1,690,636,54,378.382824369999980,0.591223170000000,5949.909533558943622,1531260.972011119127274,244811632.000000000000000,104934.000000000000000,130390459.000000000000000,110621.000000000000000,224772922,101766.000000000000000,221418072.000000000000000,102512.000000000000000,260450481.000000000000000,130923.500000000000000,296162003.000000000000000,121711.000000000000000
16,000501,11001000501,3376,3267,2853,124,7,249,1,33,32,18,64,3,231,2689,122,3,246,1,4,18,9,60,3,3195,2729,114,5,232,1,28,25,17,47,3,201,2585,112,3,229,1,2,13,9,45,3,2186,2027,159,233.384263750000002,0.364662910000000,6813.633099265326564,944472.612260386114940,157450900.000000000000000,65919.000000000000000,182269099.000000000000000,68973.000000000000000,196513698,64763.500000000000000,210628169.000000000000000,70218.000000000000000,260010497.199999988079071,72707.000000000000000,243419505.000000000000000,76949.500000000000000
17,000902,11001000902,2092,2021,1861,67,4,77,1,11,28,12,40,2,107,1776,63,3,77,1,5,22,9,37,2,1544,1388,50,1,67,1,7,9,8,16,2,71,1327,48,1,67,1,4,7,6,15,2,862,833,29,538.801955189999944,0.841878060000000,8704.287792662948050,2180454.165696435607970,218882503.000000000000000,121032.000000000000000,176273097.000000000000000,113487.000000000000000,226114271,117436.000000000000000,262353665.439999997615814,121474.500000000000000,282158382.000000000000000,142212.000000000000000,318502754.000000000000000,148690.000000000000000
18,001001,11001001001,7436,7168,6342,298,17,432,2,77,74,33,172,9,512,5925,295,9,427,2,22,61,28,164,8,5918,5097,249,14,365,2,65,38,23,71,8,387,4786,248,9,362,2,13,30,19,67,8,2834,2727,107,606.401784359999965,0.947502790000000,6507.906512504414422,2454020.970143166370690,441410751.000000000000000,114136.500000000000000,445020421.000000000000000,105423.500000000000000,482792403,109646.000000000000000,523214776.000000000000000,110482.500000000000000,563657398.000000000000000,128283.000000000000000,567841867.000000000000000,131571.000000000000000
19,001002,11001001002,3442,3329,2788,185,7,311,0,38,35,24,59,6,271,2564,178,5,311,0,9,32,24,56,5,3226,2637,165,7,297,0,33,24,22,44,6,241,2438,159,5,297,0,8,21,20,43,5,2342,2089,253,219.834053439999991,0.343490710000000,3952.278513422604192,889636.856290747411549,119559942.000000000000000,74658.000000000000000,134639759.000000000000000,76705.000000000000000,130340038,74072.000000000000000,142883669.400000005960464,76636.500000000000000,124109798.000000000000000,78338.000000000000000,144272959.000000000000000,79814.500000000000000
20,004001,11001004001,3745,3623,3237,139,5,162,8,72,33,26,60,5,345,2999,133,5,162,3,3,28,26,50,5,3486,3034,131,5,157,6,57,26,25,42,5,289,2825,130,5,157,3,2,23,19,40,5,2489,2305,184,68.162548400000006,0.106503980000000,2361.335361650590585,275844.048415666329674,203836328.000000000000000,72807.000000000000000,230295472.000000000000000,77629.000000000000000,253288626,74273.000000000000000,262839923.000000000000000,78314.500000000000000,242543416.000000000000000,78459.500000000000000,269573000.000000000000000,85301.500000000000000
21,004002,11001004002,2797,2720,2232,226,4,181,1,76,27,14,44,4,250,2088,209,2,179,1,3,22,12,41,4,2654,2135,209,3,170,1,67,24,15,41,3,227,1998,195,2,168,1,3,19,12,39,3,1916,1762,154,48.451481160000000,0.075705440000000,2132.734911504177035,196076.188854500476737,132421749.000000000000000,60460.500000000000000,170535365.000000000000000,65155.000000000000000,168856216,62671.000000000000000,182296727.250000000000000,65831.000000000000000,157938502.000000000000000,66742.000000000000000,181993123.000000000000000,71996.000000000000000
22,004100,11001004100,2708,2646,2261,115,9,181,3,77,29,13,23,1,259,2090,108,4,180,3,14,27,10,20,1,2482,2099,100,9,166,3,67,18,9,15,1,235,1940,94,4,165,3,10,17,8,13,1,1702,1494,208,201.868554789999990,0.315419620000000,3872.498178244049541,816933.062280376558192,403203164.000000000000000,87019.000000000000000,217573711.000000000000000,81283.500000000000000,401781124,85405.000000000000000,450959064.000000000000000,89643.000000000000000,447733061.000000000000000,100196.000000000000000,557382746.000000000000000,100885.000000000000000
23,004201,11001004201,3342,3250,2721,240,5,215,0,69,33,20,41,2,266,2544,236,3,214,0,6,28,17,38,2,3222,2638,220,5,210,0,66,30,19,36,1,251,2473,216,3,209,0,6,25,16,33,1,2259,2113,146,50.535094729999997,0.078961090000000,1842.645782712640766,204508.273887691728305,144465497.000000000000000,59325.000000000000000,195239173.000000000000000,69112.000000000000000,204654008,64162.000000000000000,221028580.000000000000000,67390.000000000000000,192640010.000000000000000,68708.500000000000000,215579124.000000000000000,70930.500000000000000
24,004202,11001004202,2771,2688,2281,129,10,216,3,49,19,12,50,7,215,2133,126,6,214,3,7,16,7,47,6,2691,2228,124,9,201,3,46,19,12,48,7,208,2083,121,6,199,3,6,16,7,45,6,1915,1787,128,51.493813799999998,0.080459080000000,2102.861145550351921,208388.072346607368672,120039686.000000000000000,60675.000000000000000,165982765.000000000000000,67958.000000000000000,163715989,65293.000000000000000,171191044.000000000000000,70077.500000000000000,140618969.000000000000000,65831.000000000000000,168607571.000000000000000,69537.000000000000000
25,004300,11001004300,3255,3164,1849,901,18,157,2,237,38,21,35,4,492,1642,889,12,149,2,6,29,17,32,4,2963,1795,767,13,150,2,159,33,21,29,4,387,1606,756,9,144,2,5,25,17,27,4,2084,1943,141,58.470836079999998,0.091360680000000,2045.425607819441211,236623.079935932386434,107576663.000000000000000,47515.500000000000000,161937053.000000000000000,56174.000000000000000,146211088,52695.000000000000000,158072679.000000000000000,55500.000000000000000,160486937.030000001192093,57442.500000000000000,200919104.000000000000000,65979.000000000000000
26,004400,11001004400,4572,4447,2989,1016,24,260,0,158,45,23,61,5,417,2778,982,18,259,0,15,42,20,57,5,4263,2876,886,21,248,0,129,37,24,49,5,366,2683,854,17,247,0,11,36,20,47,5,2651,2493,158,128.912788320000004,0.201426230000000,2944.721436838211503,521691.548437318007927,231491287.000000000000000,70297.000000000000000,325184107.000000000000000,77519.000000000000000,289136303,73367.000000000000000,327105530.000000000000000,76068.000000000000000,343052931.870000004768372,76726.000000000000000,402398133.000000000000000,82842.500000000000000
27,001100,11001001100,4779,4641,4012,290,9,273,6,51,41,18,88,1,306,3773,290,4,268,3,25,32,9,80,0,3980,3355,260,9,243,6,34,20,11,45,1,242,3162,260,4,238,3,13,18,7,38,0,2234,2118,116,414.253977770000006,0.647271840000000,5698.762331716086919,1676426.380394927458838,361630195.000000000000000,101389.000000000000000,326529055.000000000000000,88358.000000000000000,410155292,97280.000000000000000,460087019.000000000000000,97640.000000000000000,449192481.000000000000000,113046.000000000000000,480166743.000000000000000,114189.500000000000000
28,001200,11001001200,5008,4850,4073,272,18,388,3,96,57,23,76,5,399,3805,263,9,385,3,14,46,22,73,4,4338,3531,239,15,355,3,79,47,21,51,4,350,3293,230,7,352,3,8,38,21,48,3,2633,2516,117,300.997550719999992,0.470308680000000,4907.033191751117556,1218093.878510161302984,284024809.000000000000000,79665.000000000000000,304763968.000000000000000,74166.500000000000000,315822137,74448.000000000000000,334717360.000000000000000,75515.000000000000000,314255746.000000000000000,91068.500000000000000,340349324.000000000000000,89304.000000000000000
29,001301,11001001301,3955,3843,3047,374,7,357,0,58,41,13,67,1,290,2820,367,5,356,0,15,35,12,64,1,3477,2736,317,7,301,0,43,29,15,39,1,252,2534,311,5,301,0,8,25,12,39,1,2156,2030,126,705.111461269999950,1.101736670000000,8777.811293402335650,2853484.862474280875176,271817059.000000000000000,76361.500000000000000,240485097.000000000000000,66620.000000000000000,333803307,67980.000000000000000,363121417.000000000000000,68904.000000000000000,333910086.000000000000000,76494.000000000000000,403703591.000000000000000,76325.000000000000000
30,001302,11001001302,6857,6672,5596,379,13,595,2,87,40,28,122,9,483,5219,371,7,587,2,21,36,25,115,9,6589,5395,359,13,569,2,84,38,28,106,9,459,5038,351,7,561,2,21,34,23,102,9,5375,4795,580,393.418360039999982,0.614716190000000,6378.547809913650781,1592107.626467922236770,319818452.000000000000000,68999.000000000000000,405180643.000000000000000,73585.000000000000000,417821164,69520.000000000000000,443957414.000000000000000,72262.000000000000000,401733884.000000000000000,73354.500000000000000,488935701.000000000000000,75148.000000000000000
31,001401,11001001401,3078,2975,2541,178,5,198,0,53,37,15,55,4,210,2394,176,1,198,0,12,36,14,44,4,2419,1992,162,4,173,0,40,17,14,22,4,160,1873,160,1,173,0,9,16,13,19,4,1478,1415,63,194.781013750000000,0.304345340000000,4033.370294841127361,788250.801150995888747,230011349.000000000000000,91172.500000000000000,207763895.000000000000000,79863.500000000000000,255563544,81219.000000000000000,291619848.000000000000000,85111.000000000000000,294699961.000000000000000,102872.000000000000000,298582687.000000000000000,96830.500000000000000
32,001402,11001001402,2998,2921,2334,356,5,160,0,66,40,13,34,1,232,2182,350,4,159,0,7,36,8,31,1,2446,1881,316,5,141,0,54,25,11,20,1,189,1754,314,4,140,0,5,23,8,18,1,1612,1472,140,221.189281560000012,0.345608250000000,4867.514203981574610,895121.269963101483881,176059601.000000000000000,98926.000000000000000,181523449.000000000000000,102986.000000000000000,186054316,101142.500000000000000,208055809.919999986886978,109684.500000000000000,216714384.000000000000000,120265.000000000000000,226932846.969999998807907,122810.000000000000000
33,000502,11001000502,3189,3095,2720,95,15,192,0,73,26,17,56,1,271,2550,89,5,191,0,9,21,13,52,1,2786,2400,85,9,166,0,60,17,13,37,1,223,2258,80,4,165,0,4,15,10,36,1,1774,1643,131,143.678205609999992,0.224497200000000,4037.961013674427704,581445.072597169433720,248468359.000000000000000,76777.000000000000000,252908312.000000000000000,75829.000000000000000,280426020,76905.000000000000000,324046430.589999973773956,76609.000000000000000,290539572.300000011920929,90718.500000000000000,316766139.160000026226044,89334.000000000000000
34,001803,11001001803,3514,3401,354,2372,7,73,8,587,62,28,14,5,838,190,2340,4,72,8,14,44,27,7,5,2826,277,1988,5,60,5,407,50,25,11,3,581,162,1966,4,59,5,10,36,24,6,3,1612,1543,69,289.174493460000008,0.451835150000000,4709.910531165134671,1170247.662996152183041,69030385.000000000000000,25312.000000000000000,76833849.000000000000000,26235.000000000000000,73783877,25460.000000000000000,85008159.299999997019768,26127.000000000000000,80454542.000000000000000,27382.000000000000000,86187145.000000000000000,27886.500000000000000
35,001804,11001001804,4480,4310,549,2983,20,51,0,707,74,45,18,11,1211,185,2933,8,51,0,22,56,22,17,8,3461,401,2408,15,42,0,471,61,36,10,10,835,153,2368,7,42,0,6,44,21,9,7,1924,1812,112,148.687920380000008,0.232324880000000,3404.953402736568023,601718.669088252005167,90687018.370000004768372,26365.000000000000000,101095037.000000000000000,26535.500000000000000,94000568,27016.000000000000000,101142730.000000000000000,27327.000000000000000,100111583.000000000000000,27144.000000000000000,109529081.000000000000000,28093.500000000000000
36,001901,11001001901,4016,3887,424,3023,31,36,3,370,99,56,19,3,625,285,2965,12,29,3,3,87,46,16,3,3190,342,2460,27,30,3,241,64,43,17,3,421,242,2418,11,27,3,2,59,34,14,3,1603,1503,100,190.041206509999995,0.296939390000000,3629.655442772485458,769069.481664374819957,89722055.500000000000000,36750.000000000000000,96561062.000000000000000,37420.000000000000000,93389146,35486.000000000000000,98715158.000000000000000,38108.000000000000000,110110056.000000000000000,41377.000000000000000,119188692.000000000000000,42401.000000000000000
37,003301,11001003301,3198,3072,959,1998,7,62,4,42,86,38,42,7,125,898,1972,6,62,3,17,80,36,41,7,2828,898,1724,6,61,4,38,64,26,35,7,111,846,1699,6,61,3,15,59,24,35,7,1578,1405,173,108.630218940000006,0.169734720000000,3304.154907195716078,439610.901783089910168,94626938.000000000000000,50955.500000000000000,118997087.000000000000000,52263.000000000000000,109592464,49060.500000000000000,119413477.000000000000000,51581.000000000000000,133621396.000000000000000,60466.000000000000000,152461285.000000000000000,64468.000000000000000
38,003302,11001003302,2134,2054,735,1216,7,41,0,55,57,21,20,0,128,687,1197,7,41,0,2,52,20,19,0,1856,695,1002,7,41,0,51,37,18,17,0,113,654,985,7,41,0,2,34,17,16,0,982,887,95,49.077351710000002,0.076683360000000,1890.785622392161713,198608.997138154401910,59721428.369999997317791,46371.000000000000000,82445643.829999998211861,51120.000000000000000,67070893,46580.500000000000000,76544783.239999994635582,49236.000000000000000,84411059.950000002980232,55925.000000000000000,98091822.000000000000000,61645.000000000000000
39,008804,11001008804,2412,2375,106,2183,7,3,0,76,31,12,12,0,130,68,2167,7,3,0,2,30,12,12,0,1883,87,1706,6,3,0,53,22,11,8,0,87,65,1694,6,3,0,2,21,11,8,0,1396,1096,300,194.505404940000005,0.303914700000000,3936.333064089536947,787135.451864149188623,27927495.000000000000000,24539.000000000000000,32464257.519999999552965,25106.500000000000000,27994707,23754.000000000000000,33989464.000000000000000,23998.500000000000000,36934360.000000000000000,26995.000000000000000,42225948.000000000000000,29627.000000000000000
40,008903,11001008903,2633,2591,48,2493,4,7,0,39,38,20,5,1,67,37,2481,3,7,0,5,31,18,5,1,1992,39,1884,4,7,0,29,25,11,2,1,49,31,1877,3,7,0,3,20,10,2,1,1399,1150,249,74.003848399999995,0.115631010000000,2991.034810333289442,299482.950950930826366,33732629.000000000000000,25168.000000000000000,50045860.000000000000000,29334.000000000000000,34354171,24295.000000000000000,42943277.000000000000000,25774.000000000000000,54736070.000000000000000,30255.000000000000000,61273301.000000000000000,33866.000000000000000
41,008904,11001008904,3309,3249,33,3170,8,10,1,27,59,30,11,2,61,27,3154,8,10,0,0,48,27,8,1,2569,32,2461,8,8,1,20,38,19,6,1,46,26,2448,8,8,0,0,32,17,5,1,1788,1539,249,112.806960300000000,0.176260880000000,3121.439129890488402,456513.574479548260570,31336668.910000000149012,23070.500000000000000,38466036.899999998509884,23445.000000000000000,33444738,23349.500000000000000,35689645.630000002682209,23597.000000000000000,43140351.509999997913837,24356.500000000000000,47867201.000000000000000,26051.000000000000000
42,009000,11001009000,2732,2648,113,2431,6,68,0,30,74,31,19,1,76,100,2412,5,68,0,3,64,31,16,1,2430,104,2170,6,58,0,22,62,30,13,1,57,95,2156,5,58,0,2,54,30,11,1,1646,1553,93,359.719547239999997,0.562061800000000,5394.277842134048115,1455733.368659342871979,56150253.000000000000000,43111.000000000000000,65837807.729999996721745,47746.000000000000000,53740241,41497.000000000000000,61387829.000000000000000,44821.000000000000000,83619685.280000001192093,52520.000000000000000,94751459.000000000000000,57961.000000000000000
43,009102,11001009102,4127,4056,117,3820,11,13,0,95,51,20,9,3,173,95,3784,8,13,0,11,40,19,9,3,3039,107,2795,9,12,0,72,30,15,4,3,113,92,2778,7,12,0,7,27,15,4,3,1854,1662,192,453.503991180000014,0.708599990000000,6339.304691090166671,1835265.550179184647277,60148337.000000000000000,28156.000000000000000,77312944.000000000000000,28794.000000000000000,64202101,27377.000000000000000,74568845.909999996423721,28926.000000000000000,79762070.620000004768372,30721.500000000000000,89120109.760000005364418,31903.000000000000000
44,009201,11001009201,1976,1905,737,1019,4,51,1,93,41,18,21,5,185,666,1006,3,50,1,13,37,14,18,5,1758,718,862,3,48,1,66,33,14,19,4,151,658,849,2,47,1,7,29,10,16,4,619,570,49,158.337930590000013,0.247403020000000,3334.446803624793574,640770.875124094891362,28052728.789999999105930,37114.000000000000000,45375827.820000000298023,38115.000000000000000,31932270,36529.500000000000000,41782385.020000003278255,37939.000000000000000,56482503.000000000000000,45173.000000000000000,66594041.000000000000000,48118.000000000000000
45,009203,11001009203,2582,2519,280,2117,7,40,2,73,57,22,5,4,167,247,2079,5,34,2,8,36,20,5,4,2109,260,1709,7,33,2,48,44,18,4,4,117,234,1683,5,30,2,4,30,16,4,4,1259,1065,194,145.121156960000008,0.226751810000000,3471.344052081448353,587284.489541665301658,48343832.000000000000000,32780.000000000000000,62405590.000000000000000,35161.000000000000000,53291874,32934.000000000000000,57854799.000000000000000,33801.000000000000000,70251210.000000000000000,38854.000000000000000,78432565.000000000000000,41301.000000000000000
46,009204,11001009204,2557,2503,170,2062,25,14,0,232,36,30,5,1,318,130,2044,8,14,0,4,32,26,5,1,2028,159,1638,24,14,0,152,30,23,5,1,216,126,1628,8,14,0,3,26,22,5,1,1369,1292,77,74.884333400000003,0.117006770000000,2526.496186215805665,303046.147344248893205,28552707.000000000000000,26231.000000000000000,34706643.000000000000000,26124.000000000000000,29833027,25945.000000000000000,33222221.000000000000000,25277.000000000000000,34168438.000000000000000,26411.000000000000000,37791141.000000000000000,28475.000000000000000
47,007200,11001007200,2794,2709,1670,862,4,144,0,29,38,20,30,6,155,1569,851,3,143,0,3,34,18,30,6,2658,1617,793,4,138,0,29,34,18,27,6,151,1518,782,3,137,0,3,31,17,27,6,2370,1830,540,405.667502520000028,0.633855480000000,5365.257136959865420,1641678.147689526900649,107909588.000000000000000,64030.000000000000000,186295174.000000000000000,70045.000000000000000,147535588,70485.500000000000000,183471831.000000000000000,74226.000000000000000,197488193.000000000000000,64040.000000000000000,247923152.000000000000000,69664.000000000000000
48,007301,11001007301,3012,2818,1791,767,21,110,13,116,106,26,72,31,391,1605,717,18,102,13,10,87,21,67,29,2064,1293,511,18,81,11,76,38,17,25,12,236,1167,487,15,78,11,5,33,15,23,12,991,812,179,2439.892023070000050,3.812331310000000,17862.988472165408893,9873892.762130275368690,1673140.000000000000000,34010.000000000000000,3361568.000000000000000,40680.000000000000000,3109017,38200.000000000000000,3139475.000000000000000,40044.500000000000000,2419064.000000000000000,33378.500000000000000,4259994.000000000000000,47582.000000000000000
49,007304,11001007304,3546,3513,41,3443,10,7,1,11,32,13,8,2,38,40,3420,9,7,1,3,27,13,8,2,2429,39,2347,6,7,1,10,18,9,4,2,24,38,2333,5,7,1,3,17,9,4,2,1376,1198,178,308.985690009999985,0.482790140000000,5527.038452858518212,1250420.731466949917376,36698222.000000000000000,22766.000000000000000,39995849.950000002980232,20922.000000000000000,37593142,22045.000000000000000,38956385.000000000000000,21596.000000000000000,42476757.469999998807907,22262.000000000000000,46570052.000000000000000,23679.000000000000000
50,007401,11001007401,2414,2393,17,2349,10,5,0,12,21,10,4,1,31,15,2342,8,5,0,0,13,6,4,1,1468,14,1425,7,4,0,8,10,4,1,1,20,12,1422,5,4,0,0,5,3,1,1,935,771,164,357.737775419999991,0.558965280000000,6378.842229191229308,1447713.422577253310010,16271306.000000000000000,18377.500000000000000,17706306.000000000000000,16504.500000000000000,16387522,17011.500000000000000,17334402.000000000000000,16731.000000000000000,14011455.000000000000000,17975.000000000000000,15637219.000000000000000,17739.000000000000000
51,007403,11001007403,2859,2835,12,2811,4,7,0,1,24,7,8,0,24,12,2792,2,6,0,0,23,7,8,0,1956,11,1918,3,7,0,1,16,4,6,0,12,11,1910,2,6,0,0,15,4,6,0,1180,1092,88,80.582070720000004,0.125909490000000,3174.081576785291418,326104.072368170192931,26534651.000000000000000,24468.000000000000000,27739508.000000000000000,22754.000000000000000,26480238,23187.000000000000000,26796677.000000000000000,22942.000000000000000,27476513.000000000000000,23605.000000000000000,29354682.000000000000000,23579.000000000000000
52,007404,11001007404,3310,3246,41,3165,4,8,0,28,58,34,9,2,64,31,3147,2,8,0,4,52,31,9,2,2100,29,2003,4,7,0,17,37,16,8,2,36,24,1993,2,7,0,2,35,15,8,2,1308,1106,202,199.124054660000013,0.311131340000000,4988.203672750400983,805826.464222430251539,35852862.000000000000000,26372.000000000000000,41892503.000000000000000,24785.500000000000000,39142259,26176.000000000000000,39740883.000000000000000,25212.000000000000000,42407920.000000000000000,25068.000000000000000,45389701.000000000000000,25906.500000000000000
53,007406,11001007406,3063,3028,20,2984,5,2,0,17,35,13,4,3,71,11,2950,5,2,0,4,20,11,2,1,1830,14,1779,3,2,0,11,21,10,3,2,35,10,1764,3,2,0,3,13,9,2,1,1066,985,81,91.354312579999998,0.142741110000000,2600.357546928044940,369697.788765436038375,18379045.000000000000000,19594.500000000000000,22222673.000000000000000,18214.500000000000000,20073849,18103.000000000000000,21564321.000000000000000,18133.000000000000000,23059323.000000000000000,21164.000000000000000,25139415.000000000000000,20219.000000000000000
54,007407,11001007407,2587,2551,32,2499,3,11,0,6,35,14,1,1,36,32,2469,3,11,0,3,33,14,1,1,1850,30,1778,3,7,0,5,26,11,1,1,22,30,1762,3,7,0,2,24,11,1,1,1203,1090,113,150.888961920000014,0.235764000000000,4692.193110643614091,610625.968253566185012,39030200.000000000000000,30728.000000000000000,43791436.000000000000000,29333.500000000000000,39577235,30210.000000000000000,44108527.000000000000000,29089.000000000000000,50949995.000000000000000,30110.000000000000000,56092745.000000000000000,32550.000000000000000
55,007408,11001007408,3038,3010,32,2964,7,4,0,3,28,15,0,1,32,26,2939,7,4,0,2,28,15,0,1,2027,27,1970,6,3,0,3,18,12,0,1,20,24,1954,6,3,0,2,18,12,0,1,1239,1053,186,94.491008339999993,0.147642200000000,3911.211868370824959,382391.546224025834817,21984988.000000000000000,20813.000000000000000,22774343.000000000000000,18636.000000000000000,22572738,19635.000000000000000,22553935.000000000000000,19045.000000000000000,23518853.000000000000000,20030.000000000000000,24612841.000000000000000,19793.500000000000000
56,007409,11001007409,3499,3455,20,3417,3,6,0,9,44,26,6,0,34,12,3399,3,6,0,4,41,25,6,0,2291,16,2229,2,4,0,9,31,21,5,0,23,10,2219,2,4,0,4,29,20,5,0,1507,1417,90,98.284960870000006,0.153570250000000,3046.210808504664783,397745.127479348680936,39191696.000000000000000,24851.000000000000000,40482342.000000000000000,21349.500000000000000,41624746,23520.000000000000000,41342314.000000000000000,21925.500000000000000,41640347.000000000000000,21652.000000000000000,44912587.000000000000000,23194.000000000000000
57,007502,11001007502,4541,4454,43,4380,4,8,0,19,86,35,22,3,57,34,4357,4,8,0,10,70,30,19,1,3251,41,3121,4,8,0,16,60,24,15,1,41,32,3107,4,8,0,8,50,20,12,1,1898,1677,221,152.149811819999996,0.237734080000000,4792.907478718973834,615728.446798271383159,45577412.000000000000000,25027.000000000000000,50022193.200000002980232,24720.000000000000000,47562189,24670.500000000000000,46735112.000000000000000,24116.500000000000000,46799965.000000000000000,23785.000000000000000,49214213.000000000000000,23715.000000000000000
58,004600,11001004600,3028,2929,816,1964,3,97,0,49,60,20,42,7,221,697,1929,3,96,0,7,45,14,36,5,2537,757,1560,3,94,0,39,53,16,35,6,167,668,1533,3,93,0,6,42,11,33,5,1465,1268,197,107.964624900000004,0.168694730000000,2900.631831843714281,436917.338248073006980,60318054.000000000000000,36871.000000000000000,93634428.000000000000000,41045.000000000000000,76955521,38515.000000000000000,84837124.000000000000000,39885.000000000000000,95317975.000000000000000,42801.000000000000000,109132266.000000000000000,46092.500000000000000
59,004701,11001004701,3986,3919,595,2754,19,530,1,20,45,27,23,4,108,549,2725,13,527,1,3,39,24,23,4,3066,580,1923,17,469,1,20,36,20,21,4,98,536,1900,12,466,1,3,31,18,21,4,2138,2002,136,79.374746239999993,0.124023040000000,2917.412572323923541,321218.203506361867767,62945849.000000000000000,27406.000000000000000,104928195.000000000000000,36630.000000000000000,78637972,29027.000000000000000,96427153.000000000000000,32836.000000000000000,106712117.000000000000000,36532.500000000000000,145902602.000000000000000,45305.000000000000000
60,004702,11001004702,1802,1742,703,853,0,158,1,27,35,14,21,1,95,659,844,0,158,1,5,24,8,16,1,1647,693,724,0,157,1,21,31,11,17,1,84,649,716,0,157,1,4,22,8,14,1,988,922,66,80.186298399999998,0.125291090000000,2950.758094941023501,324502.438578913628589,68048639.000000000000000,59074.000000000000000,106167879.000000000000000,69010.000000000000000,92778875,68605.000000000000000,108357349.000000000000000,67405.500000000000000,104919301.000000000000000,61331.000000000000000,138666390.000000000000000,69195.000000000000000
61,004801,11001004801,2143,2045,847,961,9,123,5,100,50,24,50,2,191,776,952,6,123,0,10,48,19,48,2,1934,816,829,9,113,3,80,43,22,41,2,166,752,820,6,113,0,5,41,17,39,2,1208,1078,130,78.446069330000000,0.122571980000000,2458.972701411055368,317459.981364852108527,63801222.000000000000000,47244.000000000000000,99227482.000000000000000,52484.000000000000000,76691024,48478.000000000000000,90035901.000000000000000,53570.000000000000000,109555605.000000000000000,60609.000000000000000,122287899.000000000000000,63711.000000000000000
62,004802,11001004802,2922,2845,866,1464,16,369,1,129,48,31,20,1,223,793,1457,9,368,0,6,45,30,18,1,2492,830,1176,13,303,1,106,36,26,19,0,186,767,1171,9,302,0,4,33,24,17,0,1561,1382,179,71.190591800000007,0.111235300000000,2192.317601256763282,288098.105370579345617,73241336.700000002980232,33975.500000000000000,115913258.000000000000000,41981.000000000000000,87920491,37146.500000000000000,108590991.379999995231628,40512.000000000000000,102577469.000000000000000,40676.000000000000000,119531192.000000000000000,45675.000000000000000
63,004901,11001004901,2087,2036,793,1075,14,94,1,59,30,13,21,0,178,686,1060,12,94,1,16,24,11,21,0,1696,730,794,14,80,1,38,23,12,16,0,128,652,786,12,80,1,5,19,11,16,0,1094,971,123,67.177931430000001,0.104965520000000,2112.988510213665904,271859.444849673891440,52574029.000000000000000,35398.000000000000000,77147230.000000000000000,44409.000000000000000,57630673,39410.000000000000000,66056089.000000000000000,43123.000000000000000,107168062.000000000000000,52044.000000000000000,136442151.000000000000000,59090.000000000000000
64,004902,11001004902,2690,2615,1330,812,11,166,6,290,21,9,26,6,468,1193,805,4,166,1,11,16,8,22,6,2354,1281,615,8,162,4,220,18,9,23,5,375,1162,610,3,162,1,5,14,8,20,5,1530,1417,113,65.200959819999994,0.101876500000000,2052.282435968203572,263858.924567304842640,98407326.000000000000000,44608.500000000000000,123680131.000000000000000,52213.500000000000000,116868349,50705.000000000000000,126553450.000000000000000,51963.000000000000000,123848559.000000000000000,53770.000000000000000,141451695.000000000000000,59191.500000000000000
65,005001,11001005001,1955,1893,1259,484,3,92,0,55,25,8,30,2,169,1161,474,1,92,0,9,23,8,25,0,1802,1195,429,3,87,0,42,22,8,21,0,140,1108,419,1,87,0,8,20,8,18,0,1003,952,51,50.590061220000003,0.079046970000000,2114.927043177201540,204730.715388826181879,94309397.000000000000000,67622.000000000000000,124100006.000000000000000,74090.000000000000000,114164264,69871.000000000000000,126820603.000000000000000,72566.500000000000000,122794751.000000000000000,70213.000000000000000,147289866.000000000000000,78133.000000000000000
66,005002,11001005002,6021,5799,3225,1152,33,328,5,1056,75,39,79,4,1676,2737,1120,15,326,4,15,50,27,73,4,5480,3128,1037,27,305,5,790,61,37,63,3,1340,2693,1008,15,303,4,8,42,27,58,3,3853,3475,378,57.695946759999998,0.090149920000000,2245.140851069027576,233487.214065981708700,192352559.000000000000000,39733.000000000000000,266261760.000000000000000,53208.000000000000000,250076730,48270.500000000000000,278673551.000000000000000,51141.000000000000000,219968978.000000000000000,53829.000000000000000,259592000.000000000000000,59810.500000000000000
67,005201,11001005201,6077,5878,4398,775,20,442,19,224,65,47,99,8,612,4079,757,9,438,3,18,58,32,91,8,5811,4305,672,20,429,15,197,56,45,82,7,562,3999,656,9,425,3,16,49,32,78,7,4548,4200,348,83.935881519999995,0.131149820000000,2661.842057402187493,339676.463215863681398,268298733.000000000000000,66130.000000000000000,401961716.000000000000000,75149.000000000000000,360312493,70538.000000000000000,397149782.000000000000000,73528.000000000000000,376053670.000000000000000,76106.500000000000000,442277202.000000000000000,81647.500000000000000
68,005301,11001005301,5051,4902,4121,179,17,455,4,126,37,24,96,4,432,3847,171,7,451,2,16,29,19,92,4,4920,4039,169,16,442,4,116,34,22,84,4,413,3770,163,7,438,2,16,27,17,80,4,3890,3608,282,70.763342260000002,0.110567720000000,2322.239748471002258,286369.087779838708229,226732166.000000000000000,64826.000000000000000,288225330.000000000000000,72068.000000000000000,295640286,68569.000000000000000,343695487.000000000000000,71067.000000000000000,263936773.000000000000000,70086.500000000000000,326386690.000000000000000,76569.500000000000000
69,005500,11001005500,6671,6454,5135,628,18,590,1,82,63,37,121,10,493,4752,613,13,586,1,24,58,30,117,10,6476,5000,611,17,574,1,76,57,36,108,10,474,4628,597,13,570,1,18,53,30,106,10,4983,4185,798,157.525518199999993,0.246133620000000,3987.966397502566451,637483.158809735439718,333923999.000000000000000,73032.000000000000000,409244354.000000000000000,78901.500000000000000,425105796,75480.000000000000000,505477215.000000000000000,77201.500000000000000,444403949.000000000000000,80908.000000000000000,536412412.000000000000000,81726.000000000000000
70,005600,11001005600,6756,6523,5107,517,13,797,0,89,105,47,130,7,428,4810,495,11,794,0,17,96,42,119,7,6629,5031,506,13,785,0,85,98,47,110,7,414,4742,484,11,782,0,17,89,42,100,7,4059,3347,712,117.382240280000005,0.183409750000000,4364.539698623044387,475029.075783794571180,167255800.000000000000000,63663.000000000000000,192250360.000000000000000,61943.500000000000000,208921431,59263.000000000000000,248986836.819999992847443,64756.000000000000000,203331811.000000000000000,67936.000000000000000,233194623.000000000000000,67328.000000000000000
71,005800,11001005800,2830,2737,1806,265,7,602,4,53,29,17,46,6,180,1698,262,7,600,4,1,21,16,46,6,2710,1759,254,7,563,4,42,24,17,39,6,161,1656,251,7,561,4,1,19,16,39,6,2306,1810,496,225.041998629999995,0.351628130000000,4111.144015786878299,910712.662854340625927,119511652.000000000000000,83192.000000000000000,175823623.000000000000000,89328.000000000000000,167620188,88884.500000000000000,151839744.000000000000000,87076.000000000000000,159463208.000000000000000,88725.000000000000000,171281204.000000000000000,100633.500000000000000
72,005900,11001005900,2998,2922,1712,826,9,280,1,94,37,15,29,2,223,1617,806,9,278,1,7,25,13,25,1,2885,1695,752,7,278,1,83,31,14,27,2,207,1603,732,7,276,1,7,21,12,23,1,1868,1523,345,159.092894840000014,0.248582650000000,3377.371982758274044,643826.107083639944904,55624517.130000002682209,46136.000000000000000,89285287.000000000000000,47249.000000000000000,91864708,49222.000000000000000,90357257.000000000000000,49116.000000000000000,56008018.000000000000000,51855.000000000000000,73843853.000000000000000,52042.000000000000000
73,006202,11001006202,33,33,7,25,0,1,0,0,0,0,0,0,0,7,25,0,1,0,0,0,0,0,0,29,7,21,0,1,0,0,0,0,0,0,0,7,21,0,1,0,0,0,0,0,0,8,8,0,2821.333501099999921,4.408333630000000,27060.070989614090649,11417531.666433261707425,128235.000000000000000,102705.000000000000000,554878.000000000000000,52548.000000000000000,,,,,,,,
74,006400,11001006400,2139,2095,142,1860,24,38,0,31,37,22,7,3,65,133,1839,24,38,0,3,32,17,7,3,1565,136,1330,13,26,0,22,31,18,7,3,49,127,1318,13,26,0,1,26,13,7,3,1055,977,78,226.475149230000000,0.353867420000000,4676.886796696137935,916512.417609171126969,22543116.000000000000000,21222.000000000000000,36959590.000000000000000,25016.000000000000000,25389209,21449.000000000000000,28899876.260000001639128,20823.000000000000000,39572111.000000000000000,26737.000000000000000,50187446.000000000000000,28943.500000000000000
75,006600,11001006600,1909,1876,1718,58,11,70,1,18,15,8,14,1,78,1659,56,10,70,1,4,14,8,13,1,1680,1525,50,10,58,1,15,10,7,9,0,60,1482,48,10,58,1,2,9,7,8,0,1143,1016,127,73.195285889999994,0.114367640000000,2663.238244100568863,296210.814550949726254,106170076.000000000000000,88338.000000000000000,117490965.000000000000000,80400.000000000000000,123630521,81172.000000000000000,136743813.000000000000000,87030.000000000000000,133316015.000000000000000,92949.000000000000000,138452048.000000000000000,90957.000000000000000
76,006700,11001006700,3775,3679,3077,452,11,114,2,23,33,23,48,4,147,2965,447,10,113,2,10,28,17,45,4,3283,2703,389,9,98,2,20,23,22,25,3,121,2609,386,9,97,2,8,18,17,24,3,2008,1866,142,105.827440280000005,0.165355380000000,3020.444036603321820,428268.458887596963905,217100355.000000000000000,85648.000000000000000,233122093.000000000000000,83000.000000000000000,249708355,86231.000000000000000,255796748.000000000000000,88571.000000000000000,284608649.000000000000000,99852.500000000000000,302416019.000000000000000,101467.500000000000000
77,006801,11001006801,1949,1893,647,1192,3,31,0,20,30,12,25,1,74,607,1183,2,31,0,3,24,11,25,1,1687,574,1016,3,30,0,18,25,11,19,1,61,539,1011,2,30,0,3,21,10,18,1,977,880,97,60.434956360000001,0.094429620000000,2060.756246961154829,244571.592741545377066,52747534.000000000000000,48014.000000000000000,76178458.000000000000000,51207.500000000000000,59126678,48635.500000000000000,64998901.000000000000000,48317.000000000000000,79312724.000000000000000,58579.000000000000000,90648226.000000000000000,61861.000000000000000
78,006802,11001006802,2084,2029,937,1022,6,38,0,26,37,14,24,0,94,894,1009,5,36,0,8,22,8,21,0,1754,804,856,6,31,0,18,26,11,16,0,71,766,850,5,31,0,3,17,8,14,0,1004,921,83,69.835546260000001,0.109118040000000,2545.709310496874878,282614.430575732898433,73798559.000000000000000,58385.000000000000000,96128685.000000000000000,63716.000000000000000,84563148,61279.500000000000000,90361240.000000000000000,60771.500000000000000,106607317.000000000000000,69016.500000000000000,117623354.000000000000000,70190.000000000000000
79,006804,11001006804,3670,3567,187,3225,29,21,1,104,75,41,25,11,315,91,3138,24,21,0,8,64,33,19,5,3396,186,2965,25,20,1,101,70,36,21,11,296,91,2894,20,20,0,7,59,28,15,5,13,12,1,499.917083830000024,0.781120450000000,6734.287254934542943,2023092.673372745048255,1427126.000000000000000,31692.000000000000000,1403283.000000000000000,15698.000000000000000,1213118,15245.000000000000000,1517968.000000000000000,16825.500000000000000,1893345.000000000000000,26956.000000000000000,1977861.000000000000000,21076.000000000000000
80,006900,11001006900,2179,2121,1404,636,7,61,2,11,11,13,35,2,87,1340,630,6,61,2,6,9,6,32,2,1888,1234,548,6,52,2,7,9,10,23,1,68,1180,545,5,52,2,2,7,6,22,1,1190,1114,76,101.377485300000004,0.158402320000000,2860.132280070827619,410260.129910805437248,96831762.000000000000000,74417.000000000000000,117789037.000000000000000,79464.500000000000000,111579539,75970.000000000000000,124386107.000000000000000,78466.000000000000000,124366685.000000000000000,83717.000000000000000,136440279.000000000000000,86964.500000000000000
81,007000,11001007000,2812,2748,2209,433,8,65,4,29,23,11,31,3,162,2093,423,7,64,4,9,20,9,27,2,2596,2074,378,8,61,4,24,18,11,19,3,144,1968,371,7,60,4,5,16,9,18,2,1268,1195,73,103.877049499999998,0.162307890000000,2909.008063750894507,420375.507392907864414,105497762.000000000000000,75046.500000000000000,113568529.000000000000000,74503.000000000000000,116461048,73158.500000000000000,119493354.000000000000000,77934.000000000000000,126183172.000000000000000,81669.000000000000000,147508156.000000000000000,83749.000000000000000
82,007100,11001007100,2911,2807,977,1703,15,72,0,40,44,31,39,2,158,898,1691,15,71,0,7,36,21,32,2,2289,895,1209,12,70,0,31,32,26,24,2,119,830,1201,12,69,0,6,29,17,20,2,1461,1342,119,180.708232470000013,0.282356620000000,3852.778052123699126,731300.275476048584096,73551776.000000000000000,42529.000000000000000,90074658.000000000000000,44333.000000000000000,88319005,43479.000000000000000,89640055.000000000000000,41845.000000000000000,90963474.000000000000000,44853.000000000000000,100613150.000000000000000,49413.500000000000000
83,000600,11001000600,4539,4395,3878,225,10,207,2,73,51,23,65,9,332,3647,217,6,204,2,13,41,24,61,4,3812,3273,207,9,177,2,59,23,19,37,8,272,3087,199,6,176,2,4,18,18,36,3,2234,2108,126,356.513067820000003,0.557051670000000,5202.370432430715482,1442757.206757715204731,882856096.000000000000000,87171.000000000000000,413850238.000000000000000,81528.500000000000000,838428665,84947.000000000000000,887637225.000000000000000,91538.000000000000000,883701442.000000000000000,98902.500000000000000,1101811669.000000000000000,103485.000000000000000
84,000701,11001000701,4620,4502,3848,235,18,288,4,109,37,13,60,13,407,3583,215,8,285,4,27,30,10,55,9,4255,3586,212,15,266,3,84,27,12,46,7,354,3342,198,7,263,3,17,20,9,42,7,3275,2974,301,135.861574270000006,0.212283710000000,3198.465389602683899,549812.287648553727195,268583555.000000000000000,68493.000000000000000,265927884.000000000000000,68775.000000000000000,291704733,68526.500000000000000,312019324.000000000000000,70192.500000000000000,302248205.000000000000000,72115.000000000000000,322343565.000000000000000,73385.000000000000000
85,000702,11001000702,3364,3259,2751,192,7,224,1,84,31,18,54,3,357,2511,180,3,217,1,16,25,9,49,2,3205,2642,183,7,211,1,69,26,15,48,2,318,2426,172,3,204,1,11,22,8,44,1,2471,2293,178,72.373836929999996,0.113084120000000,2738.796618445936019,292886.528546714980621,86235734.000000000000000,50407.000000000000000,121237434.000000000000000,56357.500000000000000,113045300,52965.000000000000000,116865629.000000000000000,55189.000000000000000,98468564.000000000000000,56642.500000000000000,117499800.000000000000000,58111.000000000000000
86,000801,11001000801,6709,6526,5719,316,5,374,1,111,58,13,118,5,572,5284,299,3,372,1,27,48,15,97,5,5691,4880,278,5,325,0,86,36,19,73,5,476,4506,266,3,323,0,18,30,15,69,5,3528,3207,321,760.095120319999978,1.187648630000000,8440.167934966328176,3075995.837565080262721,556165589.000000000000000,97849.500000000000000,429046240.000000000000000,94346.000000000000000,582273934,94581.000000000000000,932925890.000000000000000,99819.500000000000000,682255278.000000000000000,114495.000000000000000,762051697.000000000000000,122703.000000000000000
87,000802,11001000802,2869,2775,2390,107,4,232,2,40,23,8,62,3,231,2211,98,3,232,2,10,19,6,61,3,2438,2043,89,4,207,2,34,17,8,32,3,187,1898,86,3,207,2,6,14,6,31,3,1423,1336,87,563.044316399999957,0.879756750000000,6636.141911837391490,2278559.521435443311930,211883023.000000000000000,89712.500000000000000,240968712.000000000000000,78663.000000000000000,288028817,83610.000000000000000,342246891.000000000000000,84441.000000000000000,354030099.000000000000000,94580.000000000000000,379610865.000000000000000,94907.000000000000000
88,000901,11001000901,7175,6946,6135,260,16,451,3,81,55,23,152,13,436,5807,249,12,447,3,22,52,22,138,10,6130,5204,233,16,432,3,64,40,22,117,13,382,4919,224,12,428,3,12,38,19,106,10,1661,1558,103,748.364124280000055,1.169318950000000,7095.702946905325007,3028522.180621071718633,610398683.000000000000000,166298.000000000000000,443181730.000000000000000,138978.500000000000000,674640174,153391.000000000000000,754404800.100000023841858,168203.000000000000000,760449847.000000000000000,189371.000000000000000,946256227.000000000000000,197155.000000000000000
89,002802,11001002802,4277,4043,1753,1069,51,181,2,987,65,37,40,9,1843,1125,1034,9,180,1,4,43,18,28,2,3568,1564,854,38,166,2,750,55,32,34,7,1412,1073,834,7,165,1,3,37,17,28,2,2142,1935,207,56.343568240000003,0.088036830000000,2102.606971740658537,228014.332339413143927,76017142.000000000000000,25506.000000000000000,113498858.000000000000000,31154.500000000000000,98267866,28033.500000000000000,104928617.000000000000000,28800.000000000000000,90869593.000000000000000,29954.000000000000000,111655848.000000000000000,34182.000000000000000
90,002900,11001002900,3962,3719,1606,1246,29,125,5,708,52,28,48,11,1370,1159,1213,4,125,5,17,31,11,40,3,3364,1460,1038,20,112,5,542,36,25,34,11,1058,1099,1016,3,112,5,16,23,11,30,3,1643,1448,195,74.708014840000004,0.116731270000000,2357.398917221130432,302332.611458248517010,95743613.000000000000000,29736.000000000000000,137466819.000000000000000,37310.000000000000000,117975868,32774.000000000000000,132985526.000000000000000,35366.000000000000000,134545107.590000003576279,33953.500000000000000,158259296.000000000000000,36677.000000000000000
91,003000,11001003000,3398,3247,1376,1455,5,125,5,281,74,41,46,9,532,1223,1409,2,124,2,7,61,30,43,3,2854,1328,1058,5,121,4,219,57,36,39,8,420,1195,1034,2,120,2,4,46,25,36,3,1599,1489,110,52.365301389999999,0.081820780000000,1881.223518392286906,211914.857479167956626,80525394.000000000000000,36678.500000000000000,108032013.000000000000000,42954.000000000000000,99841782,39491.000000000000000,114641347.260000005364418,40710.500000000000000,96242269.000000000000000,40821.000000000000000,113004657.000000000000000,45303.000000000000000
92,003100,11001003100,2885,2757,949,1086,18,101,0,603,38,24,20,11,1037,652,1056,1,97,0,6,22,9,16,4,2439,856,919,15,92,0,460,31,18,17,10,789,628,894,1,90,0,5,19,8,15,4,1131,1009,122,72.840796010000005,0.113813740000000,2574.255444654942494,294776.244883450330235,60468985.000000000000000,28420.000000000000000,96124283.000000000000000,35170.000000000000000,75002721,31472.500000000000000,86351514.200000002980232,34062.000000000000000,92848628.000000000000000,36878.000000000000000,109392822.000000000000000,39963.000000000000000
93,003200,11001003200,4913,4803,1114,2917,22,92,1,657,56,32,16,1,1188,723,2836,14,92,1,9,37,19,13,0,3957,973,2313,18,83,1,485,40,24,14,1,876,689,2248,11,83,1,8,30,16,11,0,1840,1669,171,109.925966819999999,0.171759320000000,3050.481049752743729,444854.607448458438739,91044809.000000000000000,27905.500000000000000,119332154.000000000000000,31551.000000000000000,103489228,29164.000000000000000,117284066.000000000000000,29825.000000000000000,120006056.000000000000000,32218.000000000000000,139048784.000000000000000,35833.500000000000000
94,009811,11001009811,4365,4293,13,4246,12,4,0,18,65,29,29,2,37,11,4228,10,4,0,12,58,24,26,1,2945,11,2864,9,4,0,14,37,22,15,2,25,9,2853,8,4,0,9,33,18,13,1,1979,1819,160,115.383995819999996,0.180287490000000,3543.404319522629066,466942.467316440073773,36490017.000000000000000,20544.000000000000000,41515657.000000000000000,18977.000000000000000,39029707,20337.000000000000000,39500324.000000000000000,18576.000000000000000,41258037.000000000000000,20195.500000000000000,44315187.000000000000000,20516.000000000000000
95,009901,11001009901,2249,2212,94,2094,15,3,0,6,30,11,6,4,39,74,2081,15,3,0,1,29,10,6,4,1876,84,1745,10,3,0,6,23,11,6,4,30,68,1737,10,3,0,1,22,10,6,4,1070,1007,63,519.404481629999964,0.811569510000000,5944.800739533470733,2101955.374799959361553,70749621.000000000000000,53475.000000000000000,68391309.000000000000000,49969.000000000000000,72050910,48382.000000000000000,71597532.000000000000000,51018.500000000000000,75281959.000000000000000,52425.000000000000000,78879964.000000000000000,51745.000000000000000
96,009902,11001009902,2905,2872,27,2813,12,3,0,17,30,12,8,0,44,24,2789,11,3,0,4,27,12,8,0,2273,25,2199,10,3,0,13,20,11,4,0,30,22,2182,10,3,0,3,20,11,4,0,1292,1175,117,319.871354900000028,0.499799000000000,5340.361444166115689,1294473.454595967894420,54350597.000000000000000,38024.000000000000000,57137569.000000000000000,37244.000000000000000,54368604,36560.000000000000000,59607982.490000002086163,40299.500000000000000,58509163.000000000000000,38499.500000000000000,62164914.000000000000000,38607.000000000000000
97,009903,11001009903,1851,1809,17,1774,3,2,0,13,40,23,5,0,30,16,1760,2,2,0,3,37,22,5,0,1358,15,1306,3,0,0,6,26,15,4,0,19,14,1297,2,0,0,2,23,14,4,0,722,644,78,92.868667990000006,0.145107290000000,3223.432199163914902,375826.167714381415863,32456553.320000000298023,33233.500000000000000,35118730.000000000000000,33430.000000000000000,32138301,32154.000000000000000,33996201.000000000000000,33445.500000000000000,36133543.000000000000000,33897.000000000000000,40012643.000000000000000,36360.500000000000000
98,009904,11001009904,2243,2215,63,2055,8,7,0,82,26,14,4,0,162,22,2024,6,7,0,1,19,14,4,0,1546,46,1417,8,3,0,51,19,11,3,0,98,19,1401,6,3,0,1,16,11,3,0,1137,874,263,104.966125520000006,0.164009570000000,2987.978457765396342,424782.841698578733485,26767870.000000000000000,26576.500000000000000,35494438.759999997913837,27487.000000000000000,27871815,26508.000000000000000,31120583.000000000000000,25681.500000000000000,34077779.000000000000000,28267.000000000000000,38243219.000000000000000,29601.500000000000000
99,009905,11001009905,2795,2729,24,2676,7,3,2,17,57,25,0,4,52,20,2656,7,3,2,2,49,24,0,4,2012,22,1933,6,3,2,12,31,18,0,3,29,19,1923,6,3,2,0,29,17,0,3,1330,1104,226,106.606374500000001,0.166572460000000,2908.054569324339809,431420.693863825930748,30819168.679999999701977,26468.000000000000000,36150350.000000000000000,27355.000000000000000,31738883,25668.000000000000000,34320695.000000000000000,25986.000000000000000,35638365.000000000000000,26497.000000000000000,40068077.000000000000000,28297.000000000000000
100,009906,11001009906,1296,1264,11,1241,3,3,0,6,28,15,3,0,31,8,1227,1,3,0,0,24,12,2,0,1001,11,956,2,3,0,6,19,12,2,0,23,8,948,1,3,0,0,16,10,2,0,756,592,164,61.268934430000002,0.095732710000000,2139.297318493469447,247946.582283868454397,16913306.000000000000000,27813.000000000000000,21931724.000000000000000,26833.000000000000000,17588909,26361.000000000000000,19399569.000000000000000,29004.000000000000000,22813412.000000000000000,28540.000000000000000,24288526.000000000000000,28732.000000000000000
101,009907,11001009907,2836,2789,13,2763,4,6,1,2,47,22,7,2,30,10,2746,3,6,1,0,40,22,7,2,1893,11,1847,2,4,1,2,26,13,3,0,21,8,1835,1,4,1,0,23,13,3,0,1176,1097,79,115.374894530000006,0.180273270000000,3177.056629427579992,466905.635699032922275,27930889.000000000000000,23122.000000000000000,31452975.280000001192093,22424.000000000000000,29040909,22048.500000000000000,30367917.469999998807907,21635.500000000000000,31646541.000000000000000,23380.000000000000000,33496320.000000000000000,23804.500000000000000
102,010100,11001010100,2621,2540,1672,393,4,388,2,81,25,22,33,2,298,1477,381,4,382,2,14,18,16,30,1,2529,1639,370,4,373,2,67,21,19,32,2,268,1457,360,4,367,2,14,15,14,29,1,2067,1794,273,143.245779559999988,0.223821530000000,3436.583212399896183,579695.106431478867307,94655251.000000000000000,55985.500000000000000,122209400.000000000000000,64721.000000000000000,108470412,59866.000000000000000,131214216.000000000000000,67512.000000000000000,92406308.000000000000000,66081.500000000000000,116764932.000000000000000,71341.000000000000000
103,010200,11001010200,2324,2208,1132,918,8,118,1,31,78,37,28,1,138,1057,900,5,118,1,8,64,30,27,1,2193,1097,857,8,111,1,31,58,35,20,1,128,1029,839,5,111,1,8,47,30,19,1,1654,1465,189,342.522801230000027,0.535191880000000,5083.272010496320036,1386140.606224766699597,87260141.000000000000000,60379.500000000000000,103762693.000000000000000,62109.000000000000000,103406574,61275.000000000000000,111525170.000000000000000,63261.500000000000000,109619741.000000000000000,62140.000000000000000,135720406.000000000000000,67011.000000000000000
104,010300,11001010300,3187,3057,725,1915,36,67,3,311,68,37,27,9,527,606,1872,17,66,3,14,61,25,25,3,2677,655,1623,31,62,3,216,53,29,13,8,384,559,1589,17,61,3,7,47,20,12,3,1306,1173,133,268.325773110000000,0.419259020000000,5400.810304258830001,1085875.884652212262154,67033876.799999997019768,35106.500000000000000,76672409.000000000000000,36564.500000000000000,70736519,35263.000000000000000,75275047.000000000000000,35107.000000000000000,80323393.000000000000000,36951.000000000000000,86842954.000000000000000,36933.000000000000000
105,010400,11001010400,4365,4281,129,4115,9,12,1,15,75,43,19,4,85,105,4082,7,12,1,0,67,41,17,3,3362,114,3157,7,10,1,13,55,33,9,4,64,98,3133,5,10,1,0,48,31,8,3,1828,1528,300,670.386911570000052,1.047479560000000,7779.672185850798996,2712959.594672138337046,41916212.000000000000000,26314.000000000000000,45848533.000000000000000,24753.000000000000000,44255870,25687.000000000000000,46502276.000000000000000,26338.000000000000000,47671783.000000000000000,25165.500000000000000,50092794.000000000000000,25363.000000000000000
106,007503,11001007503,2425,2388,39,2319,8,6,0,16,34,14,4,4,37,37,2308,2,6,0,3,30,14,4,4,1641,39,1561,5,5,0,13,16,12,1,3,22,37,1555,2,5,0,3,16,12,1,3,1000,857,143,123.492711249999999,0.192957360000000,2859.529840573401998,499757.274593085108791,26718856.000000000000000,24918.000000000000000,29135292.000000000000000,23253.000000000000000,28871602,24616.500000000000000,28340224.000000000000000,22439.500000000000000,30892418.000000000000000,22427.000000000000000,34675207.000000000000000,23658.000000000000000
107,007504,11001007504,2451,2406,25,2370,5,4,0,2,45,18,6,0,6,24,2370,5,4,0,0,42,17,6,0,1652,22,1589,3,4,0,2,32,12,4,0,6,21,1589,3,4,0,0,29,11,4,0,1215,1007,208,196.829617409999997,0.307546280000000,4403.700241153518618,796541.206043480313383,22978274.000000000000000,22252.000000000000000,28493704.000000000000000,20654.000000000000000,25984323,21037.000000000000000,27086707.000000000000000,19965.000000000000000,29579990.000000000000000,21006.500000000000000,31827145.000000000000000,22229.500000000000000
108,001902,11001001902,1969,1891,237,1537,2,24,0,91,68,29,10,0,179,177,1525,0,24,0,5,52,23,10,0,1625,201,1284,2,24,0,61,45,23,4,0,126,161,1275,0,24,0,3,31,18,4,0,861,807,54,219.469576069999988,0.342921220000000,3998.172027971620992,888161.868727606837638,58668759.000000000000000,46399.000000000000000,60643912.000000000000000,46000.500000000000000,59659989,47090.000000000000000,61493116.000000000000000,49240.000000000000000,67370032.000000000000000,49598.000000000000000,71508164.000000000000000,51168.000000000000000
109,002001,11001002001,2340,2244,598,1172,10,61,4,399,69,26,16,2,629,441,1138,6,58,4,10,43,20,11,1,1897,503,980,7,48,4,288,52,22,5,2,470,384,951,3,46,4,1,34,18,2,1,1026,915,111,156.381487389999990,0.244346080000000,4208.850576981577433,632853.430341176106595,74238446.000000000000000,32239.000000000000000,77796183.000000000000000,32255.000000000000000,72835604,33930.500000000000000,89402790.000000000000000,33028.000000000000000,89897212.000000000000000,31824.000000000000000,94288662.000000000000000,34251.000000000000000
110,002002,11001002002,3813,3611,778,2297,14,54,9,459,106,31,30,55,794,577,2247,9,53,2,36,75,25,29,11,2994,624,1869,12,48,9,303,69,26,14,39,541,487,1829,9,47,2,15,55,20,13,11,1436,1334,102,209.834847059999987,0.327866950000000,4418.371750955271636,849171.503492209711112,99551003.000000000000000,34078.000000000000000,111106825.000000000000000,34515.000000000000000,103023441,32810.000000000000000,116228210.000000000000000,33151.000000000000000,127883153.000000000000000,38577.000000000000000,137968594.000000000000000,39738.500000000000000
111,002101,11001002101,5309,5075,675,3301,34,99,9,957,128,47,26,6,1651,260,3203,13,95,1,6,72,36,17,4,4155,536,2685,24,77,6,658,88,33,17,6,1152,239,2619,7,74,1,2,54,25,12,4,2183,1983,200,148.526207139999997,0.232072200000000,3187.288050790644320,601064.238813090603799,94312486.760000005364418,26813.000000000000000,111940633.000000000000000,28176.500000000000000,100905873,27449.500000000000000,107570821.000000000000000,27870.500000000000000,112888946.000000000000000,29257.000000000000000,126189873.000000000000000,30443.000000000000000
112,002102,11001002102,4648,4523,398,3583,15,27,0,500,110,47,15,3,724,278,3512,12,27,0,13,76,37,8,3,3652,334,2881,7,23,0,322,73,35,12,3,476,252,2834,6,23,0,4,51,28,7,3,2173,1900,273,179.364857519999987,0.280257590000000,3547.753542621670476,725863.829931322019547,92766959.969999998807907,32803.000000000000000,113649527.000000000000000,33861.500000000000000,103545279,33094.000000000000000,107590365.000000000000000,34640.000000000000000,119845798.000000000000000,36433.500000000000000,130031411.000000000000000,38248.000000000000000
113,002201,11001002201,3442,3354,432,2331,12,55,0,524,59,22,10,3,823,227,2281,4,55,0,10,36,20,8,2,2724,354,1903,9,47,0,352,38,18,6,3,569,198,1869,4,47,0,4,29,16,4,2,1186,1110,76,102.580515879999993,0.160282060000000,2575.698246210924026,415128.621962458768394,70400837.000000000000000,30903.000000000000000,85149168.000000000000000,32313.000000000000000,75036081,31369.500000000000000,79524709.000000000000000,31352.500000000000000,91456684.980000004172325,36545.000000000000000,100975796.000000000000000,38447.000000000000000
114,002202,11001002202,3087,2946,285,2177,26,28,1,429,105,34,19,19,648,174,2130,10,28,0,4,81,22,18,19,2440,232,1761,18,28,1,308,74,28,12,18,448,160,1727,9,28,0,4,56,17,11,18,1434,1272,162,171.851175549999994,0.268517460000000,3340.613291681234841,695457.037597031565383,53733218.000000000000000,29485.500000000000000,65242968.000000000000000,29500.000000000000000,59185960,31222.000000000000000,64348461.000000000000000,30895.000000000000000,68791897.000000000000000,31094.000000000000000,76191464.000000000000000,34486.000000000000000
115,009302,11001009302,1189,1142,221,835,11,20,0,55,37,19,5,4,125,178,821,4,20,0,0,34,18,5,4,958,198,664,7,14,0,42,26,17,2,4,97,162,654,3,14,0,0,24,16,2,4,545,460,85,99.661194890000004,0.155720620000000,2780.136505049404605,403314.549015263910405,29300075.000000000000000,38413.000000000000000,32262752.000000000000000,38884.000000000000000,30980311,39454.000000000000000,31339082.000000000000000,40970.500000000000000,35745645.000000000000000,40877.000000000000000,38583475.000000000000000,40697.500000000000000
116,002301,11001002301,2974,2899,474,2137,20,37,2,229,44,15,12,18,402,371,2113,7,37,0,5,29,15,11,1,2398,416,1728,13,28,2,156,28,14,10,15,285,337,1710,6,28,0,4,18,14,9,1,1168,1069,99,101.948115849999994,0.159293930000000,2865.391244698211267,412569.389844187768176,66417176.000000000000000,37400.000000000000000,84654482.000000000000000,37194.500000000000000,74796443,36275.000000000000000,78771314.000000000000000,37362.000000000000000,98291254.000000000000000,41551.000000000000000,104003314.000000000000000,43663.000000000000000
117,002302,11001002302,2036,1983,1022,870,10,60,0,21,40,19,13,7,84,978,860,10,60,0,2,31,18,13,3,1915,1004,778,10,58,0,19,34,19,11,7,68,968,772,10,58,0,2,27,18,10,3,1573,1216,357,497.945306700000003,0.778039550000000,5876.136672546787850,2015113.174405091907829,26615661.000000000000000,30605.000000000000000,31103989.000000000000000,37487.000000000000000,29334569,33921.000000000000000,31213085.000000000000000,35344.000000000000000,28685547.000000000000000,39185.000000000000000,33413912.000000000000000,44461.000000000000000
118,002400,11001002400,3618,3524,793,2293,15,60,1,362,54,31,18,4,685,560,2240,5,60,1,8,39,26,16,3,2951,696,1864,11,54,1,247,46,30,12,4,494,517,1827,5,54,1,5,33,24,11,3,1384,1275,109,137.465967220000010,0.214790580000000,3265.934715103457165,556305.035604766453616,80149660.000000000000000,36059.000000000000000,106668159.000000000000000,38006.000000000000000,91479505,35654.000000000000000,103751959.000000000000000,37713.500000000000000,112743138.000000000000000,42453.000000000000000,129540107.000000000000000,44564.500000000000000
119,002501,11001002501,2554,2439,613,1432,11,25,4,354,50,26,19,32,589,463,1398,7,25,1,14,44,24,16,2,2092,514,1220,11,22,3,240,35,22,10,25,430,395,1191,7,22,1,8,30,20,9,2,1042,1004,38,134.279212260000008,0.209811270000000,3106.147796918163749,543408.695739986840636,63870734.000000000000000,31549.000000000000000,74481381.000000000000000,31627.500000000000000,69649528,29087.500000000000000,75809953.000000000000000,31390.000000000000000,79878737.000000000000000,34334.000000000000000,87120014.000000000000000,35144.000000000000000
120,002502,11001002502,5973,5514,1493,2496,39,91,5,1390,116,47,60,175,2532,837,2363,13,90,5,28,72,28,47,2,4826,1281,2079,28,83,4,1003,83,43,41,131,1876,778,1985,7,82,4,19,51,26,33,2,2415,2151,264,149.362005439999990,0.233378140000000,3238.906670947490966,604446.594564579776488,116055853.000000000000000,26090.000000000000000,156512610.000000000000000,32326.000000000000000,135667766,28524.000000000000000,149546963.969999998807907,30983.000000000000000,153589572.000000000000000,34494.000000000000000,184029268.000000000000000,37513.000000000000000
121,002600,11001002600,2166,2074,916,1026,6,67,0,59,66,23,23,2,149,842,1017,6,67,0,12,57,16,22,2,1816,782,867,6,55,0,45,45,20,12,2,117,723,858,6,55,0,9,40,16,11,2,1001,947,54,547.648432619999994,0.855700680000000,9204.269399254329983,2216254.589922567829490,134692240.000000000000000,78044.000000000000000,120160981.000000000000000,74993.500000000000000,137593664,78133.000000000000000,150712513.000000000000000,79794.000000000000000,164390717.000000000000000,82203.000000000000000,170973446.000000000000000,81819.000000000000000
122,002701,11001002701,5233,4989,2828,1281,29,276,2,573,124,56,88,12,1269,2267,1236,16,267,2,18,86,33,73,7,4623,2548,1169,24,250,2,444,99,53,60,11,1004,2092,1128,15,243,2,17,70,30,51,7,2845,2655,190,111.263906879999993,0.173849860000000,3377.590810855906511,450269.058831022470258,137493357.000000000000000,35394.500000000000000,184313228.000000000000000,42690.000000000000000,169063427,39237.000000000000000,178818098.699999988079071,41223.500000000000000,175143270.639999985694885,43441.000000000000000,226192119.800000011920929,47231.000000000000000
123,007601,11001007601,4355,4285,140,4109,7,21,0,8,64,31,12,2,61,124,4075,6,21,0,4,59,28,11,2,3411,132,3200,7,18,0,6,42,26,8,2,48,118,3175,6,18,0,2,39,24,7,2,2196,1855,341,312.109581489999982,0.487671220000000,4733.026790838793204,1263062.671832999913022,65787519.000000000000000,28653.000000000000000,72209610.000000000000000,29757.000000000000000,67410946,28397.000000000000000,72573691.000000000000000,29717.000000000000000,76798005.000000000000000,30483.500000000000000,82541867.000000000000000,30846.000000000000000
124,007603,11001007603,4044,3961,244,3645,26,19,1,26,76,39,4,3,89,224,3613,23,19,0,1,72,38,4,2,3331,221,2990,19,15,1,20,59,27,4,3,72,205,2964,17,15,0,1,55,26,4,2,2328,2121,207,303.081921019999982,0.473565500000000,4994.723367941177457,1226529.025888776872307,95985961.000000000000000,42744.000000000000000,96251269.000000000000000,41564.000000000000000,96420454,41551.000000000000000,100710493.000000000000000,41409.000000000000000,100775617.000000000000000,41528.500000000000000,106625544.000000000000000,42402.000000000000000
125,007604,11001007604,3644,3594,148,3411,10,10,1,14,45,22,9,0,59,127,3387,9,10,1,4,43,21,8,0,2982,134,2779,9,10,1,10,36,18,7,0,45,115,2763,9,10,1,3,34,17,6,0,1931,1750,181,338.156738630000007,0.528369910000000,5427.176056877128758,1368471.777613952988759,77030053.000000000000000,35693.500000000000000,80847329.000000000000000,36500.500000000000000,77577041,34254.500000000000000,82552503.000000000000000,36143.000000000000000,87515989.000000000000000,36633.000000000000000,94079938.000000000000000,38093.500000000000000
126,007605,11001007605,3447,3380,47,3292,16,11,0,14,62,29,11,2,43,37,3278,15,11,0,5,57,29,11,2,2763,43,2635,13,10,0,12,45,26,7,2,30,37,2623,13,10,0,4,45,26,7,2,1804,1581,223,112.123698619999999,0.175193280000000,3672.999170188765220,453748.512541281408630,53319053.000000000000000,31064.000000000000000,56942326.000000000000000,29971.000000000000000,55599933,30825.500000000000000,56534733.000000000000000,30292.000000000000000,59581383.000000000000000,31643.000000000000000,61946654.000000000000000,31588.500000000000000
127,007703,11001007703,5187,5105,53,4924,10,5,1,112,72,47,7,2,186,29,4886,9,5,1,5,63,39,5,2,3665,44,3476,8,3,1,82,42,32,5,2,140,24,3446,8,3,1,4,37,24,3,2,2338,2103,235,249.880485529999987,0.390438260000000,4509.848280996378890,1011230.453691588831134,62080786.000000000000000,26835.000000000000000,66007045.000000000000000,24882.000000000000000,65408275,25046.500000000000000,65645025.000000000000000,25153.000000000000000,71794022.000000000000000,26023.500000000000000,76945859.000000000000000,26266.000000000000000
128,007707,11001007707,3867,3828,42,3740,12,1,0,33,37,19,2,1,64,42,3712,11,1,0,4,32,18,2,1,2841,38,2742,10,1,0,22,26,16,1,0,39,38,2728,9,1,0,3,22,15,1,0,1721,1555,166,208.256448960000000,0.325400700000000,4424.682144187473568,842783.952986725955270,58126835.299999997019768,31164.000000000000000,61842067.000000000000000,28427.500000000000000,57877113,29008.000000000000000,62097139.000000000000000,28629.000000000000000,64147480.000000000000000,30013.000000000000000,66746843.000000000000000,29422.500000000000000
129,007708,11001007708,2486,2438,11,2416,2,1,2,6,44,24,7,3,35,9,2395,2,1,2,1,41,23,6,2,1837,9,1782,2,1,2,4,34,18,6,3,24,9,1767,2,1,2,0,32,17,5,2,1262,1084,178,211.601070899999996,0.330626680000000,4293.393914060048701,856319.157832923228852,30562571.000000000000000,26240.000000000000000,34921404.000000000000000,25245.000000000000000,31748410,25109.500000000000000,33241592.000000000000000,24441.000000000000000,33292010.000000000000000,25265.000000000000000,34745840.000000000000000,25783.000000000000000
130,007709,11001007709,2007,1972,38,1896,8,3,0,27,32,19,6,0,47,29,1884,7,3,0,8,29,16,6,0,1599,34,1513,7,3,0,19,21,14,2,0,30,28,1505,6,3,0,7,20,12,2,0,1144,979,165,228.471425829999987,0.356986610000000,4638.997011760383430,924591.062434850260615,28571370.000000000000000,29896.000000000000000,30343665.000000000000000,30352.000000000000000,28310642,27863.500000000000000,31742090.000000000000000,28828.000000000000000,33881022.000000000000000,28981.000000000000000,34779735.000000000000000,28775.000000000000000
131,007803,11001007803,3293,3244,36,3126,15,8,0,59,40,20,10,5,103,22,3102,15,8,0,6,35,19,6,4,2543,32,2404,12,7,0,45,35,18,6,5,75,22,2387,12,7,0,6,32,17,4,4,1652,1438,214,247.758351650000009,0.387122430000000,4553.269282785067844,1002642.482522862730548,47573443.600000001490116,29997.000000000000000,52825855.000000000000000,27686.000000000000000,48905994,27744.500000000000000,49369713.000000000000000,27604.000000000000000,57963981.000000000000000,28576.000000000000000,61989776.000000000000000,29393.500000000000000
132,007804,11001007804,3446,3366,24,3289,4,4,0,45,72,44,19,5,69,18,3277,4,4,0,5,63,42,19,5,2432,19,2323,4,4,0,28,47,27,12,5,42,16,2315,4,4,0,4,42,25,12,5,1378,1212,166,209.509825320000004,0.327359100000000,4574.802909634699063,847856.187174038263038,37285095.000000000000000,27108.000000000000000,42241373.000000000000000,24947.000000000000000,36383082,24256.500000000000000,40137177.000000000000000,24418.000000000000000,43080974.000000000000000,25264.000000000000000,45942286.000000000000000,25868.000000000000000
133,007806,11001007806,2347,2319,35,2247,13,3,1,20,27,21,0,7,75,22,2208,12,3,0,0,27,20,0,7,1797,30,1723,10,3,1,12,17,14,0,1,51,22,1695,9,3,0,0,17,13,0,1,1102,964,138,170.226810910000012,0.265979390000000,4130.207134205733382,688883.467072914470918,32232385.000000000000000,29933.000000000000000,35524039.000000000000000,27394.000000000000000,32201366,28847.000000000000000,35415431.000000000000000,29425.500000000000000,37422570.000000000000000,30052.000000000000000,42317490.000000000000000,30296.500000000000000
134,002702,11001002702,5226,5006,3439,699,48,205,1,614,65,38,58,14,1303,2924,652,15,202,0,24,43,21,52,11,4578,3057,635,37,185,1,494,46,32,44,12,1076,2620,591,11,183,0,15,32,18,39,9,2565,2311,254,124.924523930000007,0.195194570000000,3697.627804769024806,505551.614962994586676,198770793.000000000000000,43840.500000000000000,223639542.000000000000000,48746.500000000000000,216772349,45791.000000000000000,238216199.000000000000000,47500.000000000000000,232110688.000000000000000,47399.000000000000000,270883128.000000000000000,50917.000000000000000
135,002801,11001002801,3773,3602,1241,1359,23,155,1,823,69,40,41,5,1382,817,1321,11,151,0,12,44,24,31,5,3145,1128,1088,16,129,1,641,53,30,38,4,1090,792,1058,6,125,0,10,32,18,28,4,1820,1646,174,42.475782440000003,0.066368410000000,1725.322841347688154,171893.394000542437425,65733402.000000000000000,23606.000000000000000,94212705.000000000000000,28873.000000000000000,83898374,26426.000000000000000,90893505.000000000000000,28629.000000000000000,80041474.000000000000000,28917.000000000000000,97260309.000000000000000,33796.000000000000000
136,009603,11001009603,3373,3305,25,3236,10,7,1,26,53,35,17,4,62,17,3220,9,7,1,3,47,32,13,2,2646,22,2545,6,5,1,17,38,24,15,4,39,17,2536,5,5,1,2,34,22,11,2,1750,1588,162,157.961847890000001,0.246815390000000,3866.067515950042889,639248.922423748648725,50548063.000000000000000,29854.000000000000000,54782066.000000000000000,29205.000000000000000,51432289,28037.500000000000000,52174930.000000000000000,28187.000000000000000,55087454.939999997615814,27981.000000000000000,58282104.000000000000000,29140.000000000000000
137,009604,11001009604,1962,1925,31,1865,4,1,0,24,27,13,5,8,55,22,1859,1,1,0,0,21,12,4,3,1592,28,1514,2,1,0,16,22,13,4,8,39,21,1509,1,1,0,0,18,12,3,3,998,927,71,135.545256469999998,0.211789460000000,3139.245873735909299,548532.194925360847265,39320298.000000000000000,34892.000000000000000,42571608.000000000000000,36056.500000000000000,37671884,33177.000000000000000,38840511.000000000000000,34782.500000000000000,41657348.000000000000000,35693.000000000000000,42752988.000000000000000,35403.000000000000000
138,009700,11001009700,3177,3141,20,3098,6,4,5,8,34,17,3,3,32,13,3086,6,3,5,0,32,16,3,3,2256,16,2196,5,4,1,5,27,15,1,2,22,13,2187,5,3,1,0,25,14,1,2,1307,1179,128,101.314912440000001,0.158304550000000,3393.279076664878630,410006.906521815515589,37230924.000000000000000,28163.500000000000000,41269716.000000000000000,27242.000000000000000,39880533,28285.000000000000000,40335605.000000000000000,26811.000000000000000,41436665.799999997019768,27024.000000000000000,42553067.000000000000000,28849.000000000000000
139,009801,11001009801,1575,1554,16,1526,3,5,0,4,21,7,1,0,26,11,1512,3,5,0,2,16,7,1,0,1100,15,1058,3,5,0,4,15,6,1,0,14,10,1053,3,5,0,2,13,6,1,0,766,677,89,110.839110469999994,0.173186110000000,3275.822030793843169,448549.968715113529470,16467492.000000000000000,24531.500000000000000,19048407.000000000000000,25883.500000000000000,19081986,27074.500000000000000,18248824.000000000000000,25989.000000000000000,17778638.570000000298023,23323.500000000000000,19288881.000000000000000,24214.000000000000000
140,009802,11001009802,1693,1678,11,1665,1,0,0,1,12,3,1,2,27,10,1643,1,0,0,1,11,3,1,2,1136,10,1111,1,0,0,1,10,3,1,2,13,9,1103,1,0,0,1,9,3,1,2,848,677,171,49.600268180000000,0.077500420000000,2124.243895864362457,200725.165016533836024,15926462.000000000000000,24440.000000000000000,18186608.000000000000000,23629.000000000000000,15540000,24559.000000000000000,16598367.000000000000000,23436.000000000000000,15661896.000000000000000,21843.500000000000000,17489336.000000000000000,21172.000000000000000
141,007807,11001007807,2139,2108,18,2053,2,5,0,30,30,9,8,0,49,9,2043,2,5,0,4,26,9,7,0,1593,13,1537,1,5,0,18,18,8,2,0,29,9,1531,1,5,0,1,16,8,2,0,906,810,96,129.422139410000000,0.202222090000000,3369.640893240183232,523752.819176796299871,26964218.000000000000000,27911.500000000000000,29022672.000000000000000,25588.000000000000000,27172275,26950.500000000000000,29864189.000000000000000,26722.000000000000000,31685807.000000000000000,25848.000000000000000,32933216.000000000000000,27008.000000000000000
142,007808,11001007808,3646,3592,34,3489,10,9,0,50,53,38,4,0,77,29,3470,8,9,0,12,40,33,3,0,2544,28,2431,9,5,0,33,37,26,2,0,51,24,2417,7,5,0,11,28,23,2,0,1598,1352,246,234.836805290000001,0.366932510000000,4159.121606678346325,950350.839345495216548,44146628.789999999105930,27911.000000000000000,47655483.000000000000000,24266.000000000000000,44039061,26488.000000000000000,45848749.000000000000000,25835.000000000000000,51644760.000000000000000,26059.500000000000000,55871889.000000000000000,27844.500000000000000
143,008701,11001008701,2407,2360,384,1888,4,38,3,43,34,15,16,0,114,356,1856,3,38,2,3,28,10,16,0,1978,357,1513,4,29,3,39,25,12,10,0,96,332,1491,3,29,2,2,19,7,10,0,972,873,99,95.004214469999994,0.148444090000000,2699.849928683441249,384468.417754861235153,48565203.000000000000000,34711.000000000000000,70853972.000000000000000,37790.000000000000000,57403391,35334.000000000000000,65364292.000000000000000,38164.000000000000000,74587120.000000000000000,41781.000000000000000,86810333.000000000000000,44960.000000000000000
144,008702,11001008702,1599,1557,221,1280,6,16,1,33,39,13,6,2,103,182,1265,6,13,1,1,27,9,6,2,1325,195,1055,6,16,1,20,30,11,5,0,72,167,1044,6,13,1,0,21,8,5,0,902,713,189,117.223816080000006,0.183162210000000,3710.812891149396364,474387.955759549862705,28412101.000000000000000,32251.000000000000000,59322798.000000000000000,41675.000000000000000,30878869,32047.000000000000000,43104817.000000000000000,38477.500000000000000,74934828.000000000000000,47601.000000000000000,159109427.000000000000000,53754.000000000000000
145,008802,11001008802,4119,4030,308,3607,29,35,4,47,68,36,15,6,172,268,3555,16,35,4,1,61,24,12,6,3301,274,2873,22,32,1,37,45,27,10,6,129,240,2840,10,32,1,1,41,18,8,6,1999,1746,253,116.569759149999996,0.182140250000000,2848.579920928853426,471741.081255413184408,62141902.810000002384186,28875.500000000000000,80440359.000000000000000,31959.500000000000000,68412661,29125.000000000000000,73584575.000000000000000,29903.000000000000000,86766327.420000001788139,35199.000000000000000,99751561.000000000000000,38882.500000000000000
146,008803,11001008803,2037,1958,694,1143,9,54,5,53,43,21,29,6,167,621,1117,8,52,5,3,33,16,27,5,1709,673,860,9,49,5,45,32,22,28,6,146,603,842,8,47,5,3,24,16,27,5,612,442,170,284.576984719999984,0.444651540000000,5287.299629218076916,1151642.205129012698308,9823344.000000000000000,16056.000000000000000,14330450.000000000000000,16546.000000000000000,11668374,16917.000000000000000,12715225.000000000000000,16095.000000000000000,18786961.000000000000000,21519.000000000000000,22956326.000000000000000,24186.000000000000000
147,009803,11001009803,2758,2719,23,2684,5,3,0,4,35,16,10,4,30,20,2667,5,3,0,0,29,14,10,4,2000,22,1943,5,2,0,4,22,11,5,2,21,19,1931,5,2,0,0,20,10,5,2,1416,1201,215,131.213249910000002,0.205020700000000,3195.473389160180886,531001.186270024161786,30971202.000000000000000,26640.000000000000000,33847590.000000000000000,23984.000000000000000,33180603,25128.500000000000000,33226454.000000000000000,25227.000000000000000,35039724.000000000000000,25379.000000000000000,37398304.000000000000000,26262.500000000000000
148,009804,11001009804,2473,2435,42,2369,5,4,0,15,32,13,4,2,56,14,2361,5,4,0,3,30,12,1,1,1778,28,1706,4,4,0,13,19,7,2,1,39,11,1700,4,4,0,2,18,7,0,1,1071,955,116,128.074350890000005,0.200116170000000,3761.594319299104882,518298.512527794053312,32581400.000000000000000,27829.000000000000000,34316210.000000000000000,27427.500000000000000,33095951,27152.500000000000000,34012746.000000000000000,27000.000000000000000,37891027.000000000000000,28276.500000000000000,40708270.000000000000000,29122.000000000000000
149,009807,11001009807,3072,3022,56,2937,4,13,0,12,48,24,3,0,58,38,2912,3,13,0,1,46,24,3,0,2396,46,2304,4,12,0,11,18,12,1,0,42,36,2283,3,12,0,1,18,12,1,0,1551,1350,201,256.626769659999979,0.400979330000000,5057.760632472155521,1038531.697104936698452,49300774.859999999403954,31540.430000000000291,50089141.000000000000000,29196.000000000000000,50160528,29574.500000000000000,51025204.000000000000000,29638.000000000000000,52225202.000000000000000,28837.000000000000000,55085531.000000000000000,30509.000000000000000
150,009810,11001009810,2507,2483,15,2456,3,1,0,8,23,12,8,0,22,15,2439,3,1,0,6,21,12,6,0,1734,13,1692,3,1,0,6,18,11,8,0,17,13,1680,3,1,0,4,16,11,6,0,1171,1103,68,101.916767149999998,0.159244950000000,2811.707455614742685,412442.526136786327697,20731641.000000000000000,22114.000000000000000,23630871.000000000000000,20845.000000000000000,22087145,21242.000000000000000,22667655.000000000000000,21012.500000000000000,23590181.039999999105930,22107.000000000000000,25212674.000000000000000,21337.000000000000000
151,010500,11001010500,3410,3296,1101,1888,15,231,2,59,63,33,43,10,212,1000,1858,13,228,2,10,49,26,35,4,2946,1074,1501,14,211,2,50,47,28,38,10,190,977,1477,13,208,2,10,35,20,30,4,2347,2000,347,185.973146060000005,0.290583040000000,3700.255221996985256,752606.625014814897440,84029289.000000000000000,45706.500000000000000,112250955.000000000000000,52096.000000000000000,98303018,48448.000000000000000,105746983.000000000000000,51276.500000000000000,106072495.000000000000000,52567.000000000000000,124766159.000000000000000,56785.000000000000000
152,010600,11001010600,3933,3814,1624,1992,15,126,0,57,70,44,38,3,177,1548,1969,3,123,0,10,63,39,35,2,3397,1503,1622,14,117,0,47,52,37,33,2,141,1442,1603,3,115,0,10,48,33,30,2,1927,1670,257,305.564174879999996,0.477444030000000,5269.162516465638873,1236574.350912801688537,121226133.000000000000000,46770.000000000000000,256230114.000000000000000,55071.500000000000000,161447062,51645.000000000000000,209503581.000000000000000,53822.000000000000000,231914897.580000013113022,55353.000000000000000,313701867.000000000000000,58798.500000000000000
153,010700,11001010700,1838,1775,1442,89,6,209,0,29,12,7,40,7,137,1344,85,5,207,0,4,10,6,38,7,1821,1433,86,6,207,0,28,10,8,40,7,134,1336,83,5,205,0,4,8,6,39,7,1413,1244,169,220.293986859999990,0.344209360000000,3825.465073982897593,891498.140842398977838,76742725.000000000000000,55538.500000000000000,121704083.000000000000000,63057.000000000000000,65155219,58724.000000000000000,148356514.000000000000000,60245.000000000000000,131895201.000000000000000,71866.000000000000000,156457298.000000000000000,72231.000000000000000
154,010800,11001010800,6408,6194,5146,279,2,708,3,56,133,32,150,27,268,4946,277,2,706,2,6,129,29,149,27,6381,5132,270,2,706,3,56,131,32,148,27,265,4933,269,2,704,2,6,128,29,148,27,1115,1034,81,163.464638119999989,0.255413500000000,3482.465158007078116,661517.924546415568329,23332003.500000000000000,39566.000000000000000,35939787.000000000000000,42735.000000000000000,33571416,40108.000000000000000,44924794.000000000000000,39390.000000000000000,33640053.000000000000000,41873.000000000000000,38436301.000000000000000,47991.500000000000000
155,010900,11001010900,3211,3146,58,3055,6,15,0,12,61,22,9,0,47,49,3035,6,15,0,2,56,21,6,0,2356,56,2226,5,15,0,8,43,22,5,0,35,47,2211,5,15,0,1,41,21,4,0,1366,1161,205,1313.082863560000078,2.051691990000000,11812.014996961419456,5313857.851102002896369,21483928.000000000000000,21961.000000000000000,25597789.000000000000000,20753.500000000000000,23779752,21350.000000000000000,25906312.000000000000000,20502.000000000000000,27129325.000000000000000,20661.000000000000000,27893573.000000000000000,21980.000000000000000
156,011000,11001011000,3715,3584,1632,1712,29,140,3,68,90,49,40,3,183,1560,1683,24,139,3,13,77,40,36,3,3354,1593,1455,23,130,3,54,58,40,28,2,158,1524,1429,20,130,3,11,48,32,25,2,2673,2345,328,254.122387919999994,0.397066230000000,5794.137105634688851,1028396.823751537944190,142255206.000000000000000,61476.000000000000000,159856545.000000000000000,66090.000000000000000,159085656,61805.000000000000000,167859350.000000000000000,64116.000000000000000,173116968.419999986886978,67450.000000000000000,184361322.000000000000000,70438.500000000000000
157,011100,11001011100,4859,4727,322,4192,24,15,1,173,110,58,19,3,337,241,4147,18,15,1,8,88,46,19,3,3945,279,3410,21,13,1,123,85,43,12,3,237,223,3379,15,13,1,5,70,37,12,3,1868,1727,141,1497.651270589999967,2.340080130000000,13673.107138748504440,6060779.698894323781133,101111776.000000000000000,40473.000000000000000,108672370.000000000000000,40625.500000000000000,99900451,40198.000000000000000,104974019.000000000000000,41009.000000000000000,115762533.000000000000000,41166.000000000000000,122414153.000000000000000,42315.000000000000000
158,009301,11001009301,3143,3031,979,1915,14,71,0,52,75,32,24,1,221,866,1891,13,67,0,3,56,30,23,1,2617,866,1555,13,66,0,39,50,31,18,1,175,768,1535,12,62,0,3,42,29,17,1,1230,1162,68,272.133073050000007,0.425207930000000,4589.378117573317468,1101283.480970723787323,80177844.519999995827675,46848.000000000000000,96067410.000000000000000,47415.000000000000000,89517062,46693.000000000000000,96422375.109999999403954,47221.000000000000000,116557623.000000000000000,54943.000000000000000,124565445.000000000000000,57282.500000000000000
159,007809,11001007809,2922,2875,58,2768,9,4,0,36,40,19,6,0,86,35,2753,5,4,0,1,38,16,6,0,2129,51,2011,8,3,0,26,24,17,1,0,65,33,2001,4,3,0,1,22,14,1,0,1339,1135,204,132.238954849999999,0.206623370000000,3874.359987355354406,535152.066889405599795,37559798.369999997317791,27390.000000000000000,41012846.000000000000000,24953.000000000000000,37380788,25825.500000000000000,39381158.000000000000000,25178.000000000000000,44647455.000000000000000,27046.000000000000000,48307774.000000000000000,28461.000000000000000
160,007901,11001007901,3822,3730,397,3252,16,24,0,41,85,32,21,3,115,349,3240,11,24,0,7,73,30,18,2,2771,362,2287,13,24,0,30,50,24,11,3,76,327,2280,9,24,0,6,47,23,9,2,1784,1540,244,98.415178229999995,0.153773720000000,2551.393622589773713,398272.098442659305874,54104963.000000000000000,29975.000000000000000,68844302.000000000000000,31673.000000000000000,60769648,29766.000000000000000,65914144.000000000000000,30020.500000000000000,76444757.000000000000000,34692.000000000000000,85297510.000000000000000,37573.000000000000000
161,007903,11001007903,1774,1749,156,1536,6,10,0,41,22,14,3,1,95,120,1518,6,9,0,4,22,12,3,1,1407,136,1205,5,10,0,31,17,11,2,1,70,112,1192,5,9,0,2,17,9,2,1,880,778,102,59.943898709999999,0.093662340000000,2170.945400465850526,242584.352928883075947,33231634.000000000000000,36257.000000000000000,41719677.000000000000000,39557.000000000000000,34946070,36732.000000000000000,38094648.000000000000000,36321.500000000000000,46326405.000000000000000,44633.000000000000000,53049430.000000000000000,47103.000000000000000
162,008001,11001008001,2784,2701,1321,1247,10,65,1,57,51,21,26,7,138,1264,1235,7,62,1,9,42,16,24,7,2397,1168,1058,10,58,1,40,39,19,16,4,111,1119,1049,7,55,1,5,32,14,14,4,1391,1286,105,80.430913950000004,0.125673300000000,2400.602905073041256,325492.362612917553633,100414811.000000000000000,60366.000000000000000,126560393.000000000000000,67249.000000000000000,113921738,63888.000000000000000,122354172.000000000000000,66117.500000000000000,130054316.000000000000000,70322.000000000000000,144770934.000000000000000,75309.500000000000000
163,008002,11001008002,3031,2946,1662,1158,6,74,3,43,43,14,31,3,114,1602,1152,4,73,3,8,40,13,30,0,2614,1450,1014,6,65,1,33,19,10,16,2,91,1400,1011,4,64,1,6,17,9,15,0,1644,1477,167,142.850635619999991,0.223204120000000,3883.368026989947339,578096.015633209841326,121769571.000000000000000,67000.500000000000000,162596832.000000000000000,72447.000000000000000,142225876,68264.000000000000000,160531068.000000000000000,70314.000000000000000,156077250.770000010728836,75659.500000000000000,173685028.000000000000000,80922.000000000000000
164,008100,11001008100,2910,2823,2276,422,11,75,1,38,33,19,47,1,133,2195,413,10,74,1,4,31,17,47,1,2551,2027,366,11,62,1,26,23,19,29,1,106,1957,361,10,61,1,2,21,17,29,1,1549,1452,97,72.218121789999998,0.112840820000000,2331.345984513608983,292256.371732736646663,139606334.000000000000000,81428.000000000000000,168364052.000000000000000,72100.000000000000000,166143944,77408.000000000000000,167686490.000000000000000,77394.000000000000000,173483443.000000000000000,85914.000000000000000,194119047.000000000000000,90338.000000000000000
165,008200,11001008200,2918,2843,2515,156,12,116,1,43,15,14,50,2,134,2443,152,9,113,1,2,11,11,45,2,2674,2328,146,12,106,1,37,12,11,23,2,119,2260,142,9,103,1,2,9,8,23,2,1655,1522,133,84.045240660000005,0.131320690000000,3038.867811690816325,340119.023976682976354,117647812.000000000000000,70126.500000000000000,147633111.000000000000000,67792.500000000000000,142848043,69117.500000000000000,155157942.000000000000000,70452.000000000000000,143780010.000000000000000,77086.000000000000000,159931869.000000000000000,78676.000000000000000
166,008301,11001008301,2279,2225,1743,383,5,67,1,26,21,7,31,1,80,1703,373,5,66,1,2,19,5,31,1,2039,1585,331,4,59,1,23,14,6,19,1,71,1546,324,4,58,1,1,14,5,19,1,1154,1072,82,75.106520560000007,0.117353940000000,2368.737542543226027,303945.306896788533777,100958815.000000000000000,79178.000000000000000,126739845.000000000000000,80765.000000000000000,117129497,71931.000000000000000,125316966.000000000000000,77114.500000000000000,137994779.000000000000000,83172.500000000000000,159487649.000000000000000,82900.000000000000000
167,008302,11001008302,2206,2141,1553,490,12,66,2,18,20,12,36,2,94,1487,487,10,64,2,9,18,8,31,2,1940,1367,448,11,60,2,9,15,12,18,2,62,1322,447,9,58,2,4,15,8,17,2,1032,966,66,64.461916680000002,0.100721750000000,2372.700178227709330,260868.123057570395758,98202439.000000000000000,75686.000000000000000,121676185.000000000000000,69139.000000000000000,115145078,72632.000000000000000,124644728.000000000000000,70932.000000000000000,122260480.000000000000000,77004.500000000000000,148237948.000000000000000,80862.000000000000000
168,008402,11001008402,2149,2081,1156,846,7,51,4,17,34,21,20,6,99,1095,830,5,49,4,5,32,20,19,4,1920,1036,756,6,49,4,14,24,18,17,5,76,990,741,4,49,4,5,24,17,17,3,1270,1174,96,66.307558029999996,0.103605560000000,2657.405650077083010,268337.168661050323863,64090679.000000000000000,50048.000000000000000,84827411.000000000000000,55894.500000000000000,76375227,50961.000000000000000,83894892.000000000000000,54722.000000000000000,78279904.000000000000000,59253.000000000000000,95344734.000000000000000,63150.000000000000000
169,008410,11001008410,1489,1463,451,958,4,24,3,23,16,10,3,1,71,421,942,4,22,3,4,16,8,3,1,1232,414,754,4,24,3,14,10,10,2,1,57,385,744,4,22,3,2,10,8,2,1,681,604,77,54.394449270000003,0.084991330000000,2326.095336849684827,220126.527661906438880,41390921.000000000000000,46940.000000000000000,54787972.000000000000000,48372.000000000000000,47944604,46774.000000000000000,51016505.000000000000000,48283.000000000000000,60603534.000000000000000,55593.000000000000000,71052704.000000000000000,58733.000000000000000
170,009400,11001009400,4163,4038,370,3467,23,42,0,136,94,50,20,1,266,301,3424,22,41,0,12,80,44,18,1,3397,314,2846,20,36,0,94,69,42,10,1,180,264,2820,20,35,0,10,58,37,8,1,1792,1651,141,393.024723479999977,0.614101130000000,5500.077285011368076,1590514.635816454654559,111394852.000000000000000,48688.000000000000000,122069723.000000000000000,49363.500000000000000,112928463,48019.000000000000000,119206939.000000000000000,49071.000000000000000,135842841.000000000000000,51938.500000000000000,139399116.000000000000000,52796.500000000000000
171,009501,11001009501,5797,5595,2128,2827,36,108,10,486,99,49,58,15,831,1926,2778,21,102,5,9,78,42,54,12,5099,2093,2351,27,105,8,347,73,43,55,12,636,1916,2311,19,99,3,9,59,36,51,9,1954,1802,152,393.940258690000007,0.615531660000000,6251.167007724287032,1594219.675380467670038,54810127.000000000000000,28094.000000000000000,66633719.979999996721745,28334.000000000000000,60953895,28147.000000000000000,64279289.000000000000000,27023.000000000000000,62507127.539999999105930,27422.500000000000000,71687637.000000000000000,29720.500000000000000
172,009503,11001009503,2910,2810,432,2301,4,41,0,32,84,50,22,4,113,377,2276,3,41,0,7,79,48,21,4,2433,384,1917,4,36,0,22,59,42,11,4,83,342,1898,3,36,0,6,56,40,10,4,1256,1200,56,351.748080249999987,0.549606380000000,5448.746348623635640,1423473.986090267309919,103688476.000000000000000,55760.000000000000000,93340693.299999997019768,55128.000000000000000,91164685,52882.000000000000000,103746641.000000000000000,55310.500000000000000,108517270.000000000000000,56626.500000000000000,113767916.010000005364418,60025.000000000000000
173,009504,11001009504,3025,2940,643,2204,10,40,0,43,66,27,24,5,120,592,2187,5,40,0,3,62,27,24,5,2603,579,1892,7,38,0,28,44,20,17,3,89,540,1876,4,38,0,2,40,20,17,3,1354,1254,100,253.590649579999990,0.396235390000000,4227.412190022429058,1026244.954988851328380,69274045.000000000000000,43233.000000000000000,76802968.000000000000000,44206.500000000000000,72545466,41582.000000000000000,78335079.000000000000000,43487.000000000000000,83501617.000000000000000,44864.500000000000000,92795105.000000000000000,48695.500000000000000
174,009505,11001009505,2630,2571,145,2274,3,25,6,118,49,19,14,4,201,109,2249,2,25,2,4,36,13,11,0,2197,113,1934,2,22,4,82,33,13,7,1,140,89,1913,1,22,2,2,26,12,6,0,1217,1138,79,254.668658349999987,0.397919780000000,4571.653132383325101,1030607.501727885799482,69676775.000000000000000,42972.000000000000000,74524698.000000000000000,41734.000000000000000,69233046,41221.000000000000000,72487872.000000000000000,42196.000000000000000,94197523.000000000000000,45732.000000000000000,105022944.000000000000000,46330.000000000000000
175,009507,11001009507,1489,1460,53,1304,11,1,0,91,22,10,4,4,156,16,1292,2,1,0,1,21,9,4,4,1209,38,1075,10,1,0,64,15,10,4,1,110,14,1067,2,1,0,1,14,9,4,1,607,583,24,72.812927279999997,0.113770200000000,2483.115055246346856,294663.464164052042179,35008824.000000000000000,38577.500000000000000,37021683.000000000000000,38410.000000000000000,34437488,36996.000000000000000,36555449.000000000000000,39274.000000000000000,39838674.000000000000000,38723.000000000000000,41834568.920000001788139,39851.000000000000000
176,009508,11001009508,3290,3240,257,2821,11,30,0,121,38,24,11,2,235,182,2793,6,29,0,3,36,22,11,1,2785,227,2394,7,27,0,90,30,22,7,2,171,170,2376,5,26,0,3,28,20,7,1,1742,1578,164,231.917986700000000,0.362371860000000,5772.875427557625699,938538.799502715701237,67315108.950000002980232,38902.000000000000000,74438513.799999997019768,36844.000000000000000,70488991,37979.000000000000000,74847040.000000000000000,37529.000000000000000,76756174.000000000000000,38133.500000000000000,82172651.000000000000000,38670.500000000000000
177,009509,11001009509,2940,2888,165,2592,5,33,0,93,48,7,14,3,169,124,2565,2,33,0,13,33,4,8,3,2400,142,2126,4,30,0,66,29,6,10,3,116,112,2114,2,30,0,5,20,4,7,3,1320,1258,62,159.553961950000001,0.249303070000000,3306.197043409586513,645691.979470196296461,75556930.000000000000000,44708.000000000000000,83396856.400000005960464,45890.000000000000000,78005645,45617.500000000000000,80688699.000000000000000,44771.000000000000000,90266682.000000000000000,48269.000000000000000,94453371.000000000000000,50505.000000000000000
178,009601,11001009601,2445,2420,27,2359,3,5,3,23,24,7,2,4,36,16,2357,3,5,3,0,24,7,2,4,1598,23,1534,3,2,2,18,15,6,2,4,27,16,1532,3,2,2,0,15,6,2,4,847,786,61,514.850170810000009,0.804453400000000,6716.549761568943723,2083524.732696912484244,27940966.000000000000000,24949.000000000000000,31190145.000000000000000,22438.000000000000000,29485769,24312.000000000000000,29883780.000000000000000,22301.000000000000000,33222152.000000000000000,25221.000000000000000,34565858.000000000000000,27655.000000000000000
179,009602,11001009602,3280,3220,24,3166,9,3,0,18,58,26,3,0,40,20,3156,6,3,0,1,52,26,3,0,2287,17,2206,5,3,0,13,41,20,2,0,25,15,2199,4,3,0,1,38,20,2,0,1545,1445,100,341.005598350000014,0.532821250000000,4742.071398204730031,1380000.703951826551929,28881426.000000000000000,24409.000000000000000,34651347.000000000000000,23135.500000000000000,29422702,23832.000000000000000,32067205.000000000000000,22962.500000000000000,41181793.000000000000000,23438.000000000000000,45174162.000000000000000,25037.000000000000000
